datetime,T,TM,Tm,H,PP,VV,V,VM,pm2.5
01/11/2020,24.8,28,22,80,0,5,5.6,11.1,0
02/11/2020,23.2,28,21,69,-,8,10.9,22.2,0
03/11/2020,22.1,24,21,59,0,10,10,18.3,0
04/11/2020,21.6,25,19,64,0,8.7,6.5,18.3,0
05/11/2020,23.6,27,19,66,0,6.6,5.7,11.1,0
06/11/2020,24.2,26,22,71,0,5.6,6.3,16.5,0
07/11/2020,24.9,29,22,55,0,9.7,11.3,24.1,0
08/11/2020,24.6,29,20,51,0,9.8,10.6,20.6,0
09/11/2020,23.1,28,17,44,0,9.8,10,22.2,0
10/11/2020,22.1,27,17,45,0,9.7,8.7,18.3,0
11/11/2020,23,27,19,48,0,8.9,6.5,14.8,0
12/11/2020,23.1,28,18,47,0,9.8,6.9,14.8,0
13/11/2020,22.4,29,15,48,0,9,7.4,16.5,0
14/11/2020,23.1,28,17,48,-,9.2,12,22.2,0
15/11/2020,19.1,20,19,95,-,5,8.5,14.8,0
16/11/2020,20.8,21,20,95,-,3.5,5.4,9.4,0
17/11/2020,23.9,28,21,89,0,5.6,11.1,20.6,0
18/11/2020,25.1,29,23,82,0,7.1,10.4,14.8,0
19/11/2020,25,28,23,82,-,6.4,8.9,13,0
20/11/2020,25.8,29,24,79,0,7.6,11.5,18.3,0
21/11/2020,25.7,30,23,81,0,7.4,12.2,20.6,0
22/11/2020,25.7,29,23,78,0,8.2,8.9,16.5,0
23/11/2020,25.9,30,23,71,-,8.2,10.7,16.5,0
24/11/2020,24.3,27,22,75,-,6.6,9.6,16.5,0
25/11/2020,24.6,27,22,74,0,6.8,8.1,14.8,10.051
26/11/2020,25.3,29,22,69,0,7.2,7.2,14.8,4.349
27/11/2020,22.2,27,18,67,0,9.2,14.8,20.6,5.742
28/11/2020,19.6,23,17,61,0,10,14.8,22.2,3.95
29/11/2020,19.1,22,16,51,0,10,10.7,22.2,2.934
30/11/2020,20.1,23,16,46,0,10,10.4,22.2,3.729
01/12/2020,18.7,21,17,53,0,8.5,11.3,20.6,1.285
02/12/2020,18.7,21,16,61,-,8.2,8.3,14.8,0.994
03/12/2020,18.9,22,16,52,0,9.8,15,20.6,0.774
04/12/2020,16.7,21,13,55,0,9.8,11.9,18.3,3.633
05/12/2020,15.2,20,11,59,0,9.5,9.1,20.6,6.945
06/12/2020,17.3,22,12,61,0,7.2,7.6,13,10.253
07/12/2020,18.8,23,16,59,0,7.7,11.1,18.3,11.365
08/12/2020,17.8,22,13,64,0,6.6,8.7,18.3,8.626
09/12/2020,19.4,23,14,63,0,6.8,8,13,8.607
10/12/2020,19.9,25,16,67,0,4.3,6.5,13,7.754
11/12/2020,21.3,25,18,70,0,4.2,9.4,22.2,8.06
12/12/2020,22,26,19,73,0,5.1,10.7,18.3,9.114
13/12/2020,23.9,28,21,77,0,5,9.1,16.5,11.159
14/12/2020,19.8,28,13,73,-,7.7,17,27.8,9.817
15/12/2020,13.3,14,11,75,-,10,16.7,22.2,11.285
16/12/2020,13.1,15,11,62,-,10,14.6,18.3,11.903
17/12/2020,12.7,15,11,65,0,10,13.7,18.3,10.257
18/12/2020,13.4,16,12,58,0,9.8,13.7,22.2,12.076
19/12/2020,14.8,17,13,47,0,10,14.8,22.2,12.18
20/12/2020,15.4,17,14,41,0,10,12.8,20.6,12.31
21/12/2020,16.1,19,14,43,0,9,10.9,22.2,10.113
22/12/2020,18.6,21,14,45,0,7.9,7,13,12.594
23/12/2020,18.4,21,17,60,0,8.2,9.1,14.8,10.637
24/12/2020,19.2,22,17,58,0,7.1,6.9,16.5,12.563
25/12/2020,19.2,22,15,63,0,6.3,8.5,14.8,12.121
26/12/2020,19.7,22,18,73,-,3.7,7,11.1,12.036
27/12/2020,19.9,21,18,91,-,2.4,6.5,11.1,8.912
28/12/2020,21.8,25,20,85,-,5.1,13.9,20.6,7.26
29/12/2020,22.3,27,18,68,-,7.4,14.3,33.5,13.123
30/12/2020,16.5,20,12,40,0,10,14.6,25.9,10.57
31/12/2020,13.8,18,9,43,0,8.9,9.4,18.3,8.485
01/01/2021,13.1,19,8,40,0,8,7.4,16.5,8.216
02/01/2021,14.1,20,8,48,0,6.8,7.2,13,7.532
03/01/2021,16.1,21,10,49,0,7.6,9.3,18.3,8.164
04/01/2021,16.8,20,14,48,0,7.2,5.2,11.1,8.017
05/01/2021,17.5,20,16,61,0,5,7,13,8.609
06/01/2021,16.2,17,15,63,0,5.5,8.9,14.8,8.042
07/01/2021,13.3,15,10,60,0,8.9,17.6,22.2,9.88
08/01/2021,10.6,12,9,-,0,10,15.7,24.1,9.945
09/01/2021,10.6,12,9,37,0,10,10.7,16.5,6.924
10/01/2021,11.4,13,10,40,0,9.8,8.3,18.3,3.559
11/01/2021,12.9,16,11,36,-,10,10,20.6,7.54
12/01/2021,14.7,19,10,31,0,9.2,8.9,22.2,11.403
13/01/2021,15.5,21,9,42,0,7.6,8.9,20.6,8.815
14/01/2021,16.6,21,10,58,0,5.5,7,13,11.206
15/01/2021,17.1,19,14,71,0,3.7,5.9,14.8,15.025
16/01/2021,18.1,20,16,74,-,3.2,5.7,11.1,14.867
17/01/2021,14.1,16,10,61,-,8.7,12.2,24.1,12.338
18/01/2021,14.8,19,10,51,0,7.9,8.3,16.5,11.975
19/01/2021,15.7,21,10,59,0,5.8,10,18.3,9.594
20/01/2021,17.3,21,13,65,0,3.9,7,11.1,11.832
21/01/2021,17.1,18,16,81,-,2.1,5.2,11.1,14.943
22/01/2021,18.6,23,14,69,0,3.7,6.1,11.1,11.515
23/01/2021,19.4,24,14,66,0,3.9,8.9,13,11.758
24/01/2021,20.4,24,15,70,-,3.7,13.3,18.3,14.864
25/01/2021,20.4,22,19,87,-,4,7.6,14.8,17.648
26/01/2021,20.9,25,18,73,0,6.8,12.2,20.6,9.268
27/01/2021,20.9,23,19,70,0,8,11.9,16.5,9.938
28/01/2021,17.4,20,16,73,-,8.4,10.2,22.2,14.607
29/01/2021,18.2,22,15,67,0,6.6,9.1,14.8,13.623
30/01/2021,18.1,19,16,77,-,3.9,7.8,14.8,6.45
31/01/2021,18.3,19,18,87,-,2.4,5,11.1,9.807
01/02/2021,20.4,23,18,77,0,5,8.1,14.8,10.647
02/02/2021,20.5,23,18,78,-,5.8,10.7,18.3,20.98
03/02/2021,20.8,26,17,73,0,6.9,7.6,18.3,19.764
04/02/2021,19.8,24,17,80,-,4.2,7.8,13,16.523
05/02/2021,21.3,26,17,68,0,6.4,10,14.8,19.526
06/02/2021,20.1,25,16,72,0,5.6,8.7,14.8,20.401
07/02/2021,22.2,26,17,66,0,5,8,14.8,19.839
08/02/2021,19.2,24,15,80,-,6.9,12,24.1,18.605
09/02/2021,15.5,17,14,88,-,6.4,9.8,18.3,19.7
10/02/2021,18.9,23,14,67,0,6.8,8,13,16.561
11/02/2021,-,-,-,-,-,-,-,-,14.821
12/02/2021,-,-,-,-,-,-,-,-,15.903
13/02/2021,20.6,23,19,65,0,10,9.1,16.5,15.66
14/02/2021,21.6,26,17,59,0,8.4,8.5,13,16.386
15/02/2021,20.4,22,18,81,0,6.3,9.4,14.8,15.04
16/02/2021,20.1,21,19,80,-,5.6,9.6,14.8,19.612
17/02/2021,19.6,21,18,67,0,9.7,10.9,20.6,15.568
18/02/2021,20.4,23,18,68,0,7.4,4.3,11.1,13.589
19/02/2021,21.8,23,19,63,0,6.9,6.9,13,14.2
20/02/2021,-,-,-,-,-,-,-,-,16.811
21/02/2021,20,-,-,81,0,7.6,10.6,11.1,16.507
22/02/2021,22.1,25,20,71,0,6.9,10.9,20.6,12.423
23/02/2021,22.6,25,20,71,0,6.8,9.3,14.8,9.562
24/02/2021,22.6,25,21,73,-,7.7,15.2,22.2,19.506
25/02/2021,23.2,26,21,79,-,7.2,15,22.2,20.517
26/02/2021,23.8,28,19,73,-,8.2,11.9,20.6,17.263
27/02/2021,17.5,19,16,81,-,7.4,14.3,20.6,15.656
28/02/2021,17.9,20,16,94,-,2.4,6.5,11.1,10.245
01/03/2021,20.7,23,19,89,-,4.5,10.4,27.8,11.512
02/03/2021,19.6,21,18,60,0,9.5,8,16.5,13.012
03/03/2021,17.3,19,16,83,-,6.6,8.5,14.8,11.768
04/03/2021,17.3,19,16,92,-,4.2,8,18.3,13.943
05/03/2021,19.7,20,18,94,-,1.6,5.2,9.4,11.242
06/03/2021,23.7,27,20,84,-,6.8,10.6,18.3,10.213
07/03/2021,22.5,25,20,70,-,7.7,10.9,18.3,10.716
08/03/2021,22.1,24,20,97,-,3.4,10.4,18.3,12.979
09/03/2021,23.5,26,22,88,-,7.6,15.2,22.2,12.774
10/03/2021,23.9,28,22,82,-,7.2,17,25.9,12.063
11/03/2021,23.9,27,22,82,-,7.7,13.9,20.6,11.523
12/03/2021,24.3,28,22,76,0,6.9,13.1,18.3,12.759
13/03/2021,22.7,25,19,87,0,5.1,8,11.1,11.05
14/03/2021,23.6,27,20,76,0,6.6,13,18.3,8.092
15/03/2021,24.3,26,22,77,0,7.9,14.1,18.3,9.864
16/03/2021,23.3,25,22,93,-,5.6,13.9,20.6,10.837
17/03/2021,24.2,27,23,88,-,6.8,14.8,20.6,8.676
18/03/2021,24.2,26,23,90,-,5.3,13.7,20.6,6.091
19/03/2021,25.1,28,23,86,-,7.6,13.9,20.6,5.607
20/03/2021,24.3,26,23,94,-,5.8,10.2,16.5,6.716
21/03/2021,19.1,23,17,63,-,9.2,16.5,33.5,9.878
22/03/2021,18.2,20,17,46,0,10,9.4,16.5,12.192
23/03/2021,19.4,22,17,50,-,8.9,8.1,14.8,12.834
24/03/2021,20.2,21,18,69,-,4.8,8.1,13,15.698
25/03/2021,20.1,21,19,97,-,1.4,8.1,13,13.279
26/03/2021,23.1,24,21,95,-,4.2,14.4,20.6,13.097
27/03/2021,23,25,22,96,-,3.2,11.7,18.3,11.29
28/03/2021,23.6,24,23,97,-,4,9.4,14.8,10.885
29/03/2021,25.4,29,23,90,-,3.4,11.3,20.6,12.012
30/03/2021,25,27,24,95,-,3.9,9.3,13,13.002
31/03/2021,25.9,29,24,91,-,4.8,12,18.3,11.73
01/04/2021,26.4,29,25,90,-,6.3,12.6,16.5,16.018
02/04/2021,25.3,27,24,96,-,4.2,10.7,18.3,15.756
03/04/2021,25.1,27,24,95,-,4.8,9.6,16.5,9.463
04/04/2021,24.4,29,21,90,-,6.3,12.2,22.2,10.967
05/04/2021,22.7,25,21,90,-,6.9,10.7,18.3,11.161
06/04/2021,25.4,30,22,82,0,7.1,14.4,22.2,11.257
07/04/2021,25.8,30,24,81,-,7.4,13.7,18.3,7.295
08/04/2021,25.5,30,19,82,-,8.7,16.1,24.1,9.362
09/04/2021,19.6,21,18,92,-,7.9,10.7,14.8,3.127
10/04/2021,19.8,21,18,96,-,4,7.6,14.8,2.871
11/04/2021,25.1,29,21,87,-,6.3,13.5,24.1,7.449
12/04/2021,26.6,30,24,78,-,9.3,15.2,22.2,11.803
13/04/2021,25.7,27,24,90,-,8.4,12,18.3,17.374
14/04/2021,26.6,30,25,84,-,8.7,14.1,22.2,13.47
15/04/2021,25.8,27,25,94,-,7.7,12.4,20.6,11.206
16/04/2021,27.1,31,23,79,-,8.9,14.1,20.6,5.995
17/04/2021,21.9,23,21,92,-,9.7,9.4,18.3,1.222
18/04/2021,22.7,24,21,91,-,6.8,8.5,11.1,2.255
19/04/2021,26.9,31,23,82,0,8.4,11.5,18.3,3.253
20/04/2021,28.6,32,26,78,0,9.7,16.1,24.1,8.387
21/04/2021,28.8,33,27,77,-,9.8,17.2,24.1,21.036
22/04/2021,28.1,32,26,83,-,9.8,15.6,25.9,22.536
23/04/2021,27.8,31,26,89,-,9,15.7,22.2,20.808
24/04/2021,28.2,31,26,89,-,8.7,16.5,22.2,15.316
25/04/2021,26.8,29,25,95,-,5.3,11.9,16.5,11.633
26/04/2021,22.6,25,21,92,-,8.9,11.1,24.1,14.272
27/04/2021,24.2,27,22,84,-,9.5,10,13,9.015
28/04/2021,22.6,25,20,84,-,9.7,12.6,24.1,7.21
29/04/2021,24.4,28,21,70,0,8.5,7.6,11.1,5.628
30/04/2021,25.7,31,22,71,0,8.9,10.2,20.6,8.485
01/05/2021,26.3,29,24,83,-,6.8,10.2,16.5,9.963
02/05/2021,28.1,32,25,83,-,8.2,13.1,22.2,6.179
03/05/2021,29.1,34,26,77,0,10,16.1,25.9,1.761
04/05/2021,29.4,34,22,75,-,9.8,14.8,25.9,4.511
05/05/2021,23.5,26,22,93,-,9,11.5,20.6,11.44
06/05/2021,27.3,32,23,78,0,7.4,9.6,16.5,7.125
07/05/2021,28.2,32,25,77,0,8.2,11.3,20.6,3.355
08/05/2021,27.9,31,26,86,0,8.9,10.2,18.3,7.106
09/05/2021,29.3,33,26,81,0,8.9,13.3,20.6,9.64
10/05/2021,30.4,35,27,76,0,9.7,15.6,25.9,11.835
11/05/2021,28.7,36,25,78,-,8.4,10.2,27.8,9.647
12/05/2021,29.6,34,24,82,-,9.2,13,24.1,9.334
13/05/2021,26.9,31,25,90,-,8.7,11.5,25.9,4.303
14/05/2021,30,34,27,76,0,9.8,16.3,24.1,11.412
15/05/2021,30.1,34,27,79,0,9.7,15.2,24.1,18.315
16/05/2021,30.3,35,27,78,-,9.8,14.1,25.9,17.117
17/05/2021,30.2,34,28,79,0,10,15.7,24.1,13.065
18/05/2021,30.1,33,27,78,0,10,18,25.9,4.937
19/05/2021,30.9,36,27,77,0,10,15.6,24.1,3.035
20/05/2021,30.9,36,27,78,-,9.8,15.2,22.2,10.557
21/05/2021,30.1,34,28,84,0,9.8,14.8,20.6,21.846
22/05/2021,31.3,36,29,78,-,10,17.4,27.8,16.629
23/05/2021,30.3,35,25,78,-,10,14.8,24.1,6.379
24/05/2021,27.3,30,23,73,-,9.8,11.9,20.6,2.965
25/05/2021,25.2,27,22,93,-,7.2,7.6,18.3,2.413
26/05/2021,29.4,34,27,80,-,8.5,12.4,24.1,5.628
27/05/2021,29.7,33,27,79,-,9.3,11.7,24.1,12.469
28/05/2021,30.3,34,28,78,0,9,12.4,22.2,5.385
29/05/2021,31.2,36,28,74,0,9.7,12.8,25.9,2.844
30/05/2021,32.3,38,29,67,0,9.7,10.4,20.6,1.012
31/05/2021,33.8,39,29,58,0,9.3,10,18.3,6.448
01/06/2021,34.5,39,29,55,0,9.5,12.4,20.6,5.928
02/06/2021,33.3,40,30,66,0,8.2,11.5,18.3,1.933
03/06/2021,33.3,40,26,63,0,8.9,12.8,37,3.176
04/06/2021,26.8,29,25,69,0,10,9.3,22.2,3.824
05/06/2021,28.8,32,26,58,0,7.9,5,9.4,7.908
06/06/2021,29.6,33,27,73,-,6,10.2,18.3,4.186
07/06/2021,28.4,34,26,77,-,8.5,10.4,24.1,3.024
08/06/2021,28,34,26,82,-,7.9,7.2,27.8,0.893
09/06/2021,28.6,32,26,84,-,9.5,8.1,18.3,0.59
10/06/2021,28.4,32,26,87,-,9.3,8.5,22.2,0.901
11/06/2021,29.4,34,27,80,-,8.7,10,24.1,3.507
12/06/2021,28.6,35,25,83,-,9.5,13.7,27.8,2.021
13/06/2021,27.7,31,25,89,-,9.5,16.1,27.8,2.565
14/06/2021,29.8,34,27,72,-,10,13.3,24.1,0.784
15/06/2021,31.2,35,28,66,0,9.7,8.9,14.8,1.493
16/06/2021,32.3,37,28,62,0,9.8,9.8,18.3,0.824
17/06/2021,33,37,29,61,0,10,11.7,20.6,6.245
18/06/2021,33.7,38,29,58,0,9.8,9.6,16.5,4.957
19/06/2021,35,39,30,46,0,10,8.5,13,0.842
20/06/2021,35.2,40,30,47,0,9.7,8.9,16.5,2.564
21/06/2021,34.3,38,30,54,0,9.5,8.7,18.3,1.335
22/06/2021,31.2,37,26,66,-,10,11.1,24.1,0.799
23/06/2021,30.4,34,27,73,-,9.7,9.4,14.8,1.054
24/06/2021,26.8,32,25,92,-,9.3,9.8,18.3,1.121
25/06/2021,27.7,32,25,86,-,9,10.6,29.4,1.533
26/06/2021,29.4,35,26,75,0,9.7,9.6,25.9,1.153
27/06/2021,33.2,37,29,55,0,10,9.3,14.8,1.025
28/06/2021,33.9,37,30,50,0,10,8,13,1.771
29/06/2021,31.8,35,28,64,0,10,9.4,20.6,13.423
30/06/2021,32.8,36,29,56,0,10,10.9,18.3,17.466
01/07/2021,33,37,30,53,0,10,11.7,18.3,3.539
02/07/2021,33.9,38,30,52,-,9.7,10.6,25.9,0.932
03/07/2021,32.4,37,29,60,0,10,9.3,14.8,1.459
04/07/2021,32.6,37,30,67,0,10,13.3,22.2,1.407
05/07/2021,29.8,33,26,74,-,9.7,9.8,22.2,2.455
06/07/2021,31.3,35,28,66,-,9.7,9.1,18.3,13.07
07/07/2021,29.1,35,25,80,-,8.9,8.9,25.9,19.836
08/07/2021,27.4,29,26,92,-,9.3,10.2,18.3,15.015
09/07/2021,28.8,33,26,83,-,9.7,8.5,16.5,10.838
10/07/2021,28.9,33,25,79,-,9.7,8.3,20.6,2.632
11/07/2021,30.6,35,27,68,0,9.5,9.6,16.5,1.373
12/07/2021,31.1,35,27,67,0,10,14.4,22.2,6.489
13/07/2021,31.1,35,27,71,0,10,15.4,20.6,7.617
14/07/2021,31.2,35,27,68,0,9.8,14.8,25.9,7.5
15/07/2021,31.2,35,27,65,0,9.8,11.7,20.6,10.278
16/07/2021,31.4,36,27,63,0,9.5,10.6,14.8,8.618
17/07/2021,31.6,36,28,67,0,9.8,12.4,24.1,7.391
18/07/2021,26.3,31,25,94,-,8.9,9.1,20.6,2.573
19/07/2021,29.1,34,26,78,-,9.8,7,16.5,5.701
20/07/2021,28.8,35,26,82,-,9.3,8.1,25.9,12.875
21/07/2021,28.7,34,26,81,-,8.4,9.1,22.2,16.041
22/07/2021,28.3,32,26,91,-,8.2,6.5,13,11.522
23/07/2021,26.9,28,26,99,-,7.4,9.4,18.3,12.933
24/07/2021,30.6,36,27,77,-,9.5,9.1,24.1,4.879
25/07/2021,29.7,35,26,75,-,9.8,9.8,22.2,1.054
26/07/2021,30.6,35,27,75,0,9.5,7.6,13,1.675
27/07/2021,31.9,36,28,67,0,10,7.6,11.1,2.852
28/07/2021,30.6,36,28,74,0,10,8.9,20.6,4.613
29/07/2021,30.2,36,28,82,-,8.7,7.4,20.6,10.338
30/07/2021,31.2,36,28,72,0,9.2,7.6,14.8,6.107
31/07/2021,31,37,25,76,-,9.3,8.9,31.7,9.325
01/08/2021,27.9,30,26,92,-,9.8,6.9,14.8,12.721
02/08/2021,30.7,36,27,75,0,9.5,7.2,14.8,3.837
03/08/2021,31.8,36,28,70,0,9,7.4,14.8,5.393
04/08/2021,33.1,37,29,67,0,9,6.5,13,6.039
05/08/2021,32.8,37,29,71,0,7.9,8.7,18.3,14.738
06/08/2021,33.6,38,29,61,0,9.5,9.1,20.6,18.314
07/08/2021,34.2,38,30,60,0,9,9.3,16.5,7.495
08/08/2021,29.3,34,27,89,-,9.5,9.8,20.6,1.245
09/08/2021,29.8,32,26,90,-,8,7.6,13,1.724
10/08/2021,26.8,30,25,94,-,8.5,9.8,25.9,5.175
11/08/2021,26.8,33,24,96,-,7.7,8.9,20.6,5.757
12/08/2021,27.6,32,24,93,-,8.5,9.3,24.1,1.297
13/08/2021,30.7,35,27,79,0,9.5,8.7,14.8,2.337
14/08/2021,29.6,36,24,79,-,9.2,7.6,18.3,1.035
15/08/2021,28.5,32,26,94,-,9.3,8.9,16.5,0.914
16/08/2021,29.4,34,25,80,-,9.7,12,18.3,0.927
17/08/2021,29.3,35,24,77,-,9.8,9.3,24.1,1.02
18/08/2021,29.1,35,25,80,-,9.7,9.3,24.1,0.985
19/08/2021,30.3,34,27,77,0,9.8,11.5,20.6,2.796
20/08/2021,30.7,34,28,77,0,9.7,12,20.6,1.877
21/08/2021,31.4,36,28,76,0,10,12.8,20.6,1.086
22/08/2021,31.2,35,29,86,0,10,14.6,22.2,5.667
23/08/2021,27.7,30,27,94,0,10,12.6,18.3,7.527
24/08/2021,30.4,34,27,88,0,9.2,11.5,20.6,3.488
25/08/2021,30.1,34,26,84,-,9.5,11.9,22.2,0.659
26/08/2021,28.7,32,25,87,-,9.8,8.9,16.5,0.6
27/08/2021,27.5,32,23,93,-,8.5,8.1,16.5,1.124
28/08/2021,27.5,32,25,88,-,10,6.7,22.2,2.76
29/08/2021,28.6,33,25,78,0,9.3,7,20.6,8.025
30/08/2021,29.2,34,26,78,0,10,7.2,20.6,6.041
31/08/2021,29.7,34,27,77,0,9.3,8,18.3,0.736
01/09/2021,29.9,34,25,75,-,9.3,8.9,16.5,1.34
02/09/2021,28.5,32,25,88,-,9,6.3,11.1,7.68
03/09/2021,29.8,34,27,77,0,9,9.4,18.3,13.056
04/09/2021,30.1,33,27,76,-,9.7,11.3,20.6,10.394
05/09/2021,27.9,32,25,86,-,9.3,6.9,18.3,1.837
06/09/2021,29.4,34,26,79,0,9.8,7.2,13,1.281
07/09/2021,26.8,31,25,94,-,8.9,8.1,18.3,0.667
08/09/2021,27.1,32,24,89,-,9.5,9.4,31.7,1.423
09/09/2021,27.9,32,25,91,-,9.8,5.9,16.5,3.812
10/09/2021,29.4,35,25,78,0,9.2,8,14.8,4.476
11/09/2021,30.4,35,26,74,0,8.7,7.6,13,4.146
12/09/2021,31.4,36,28,71,0,8,7.2,13,0.931
13/09/2021,28.3,35,25,88,-,8,7.8,24.1,0.639
14/09/2021,26.1,28,25,97,-,8.7,5.6,13,0.687
15/09/2021,26.6,29,24,95,-,7.9,5,14.8,1.156
16/09/2021,27.8,31,25,91,-,9.8,9.4,16.5,0.851
17/09/2021,27.2,32,24,93,-,9.5,10.6,20.6,5.92
18/09/2021,29.4,34,26,79,0,8.5,10.9,16.5,12.987
19/09/2021,29.8,34,27,75,0,9,11.5,18.3,5.056
20/09/2021,27.7,33,24,84,0,9.2,7.6,24.1,1.589
21/09/2021,29.3,34,25,71,0,9.3,7.8,13,3.452
22/09/2021,27.7,32,25,90,-,9.2,7,16.5,3.593
23/09/2021,27.5,32,25,86,-,8.7,8.5,25.9,1.843
24/09/2021,26.1,28,23,97,-,8.7,6.7,14.8,0.857
25/09/2021,26.2,32,23,94,-,9.7,6.5,27.8,7.186
26/09/2021,26,32,24,96,-,9.3,7.2,13,6.993
27/09/2021,27.7,32,24,84,-,7.9,4.3,9.4,7.542
28/09/2021,29.3,34,26,74,0,8.4,7.8,14.8,4.891
29/09/2021,29.6,34,26,74,0,8.4,7.2,16.5,1.303
30/09/2021,29.9,35,26,75,0,8.4,8,16.5,1.192
01/10/2021,29.6,34,26,75,0,8.5,10.2,14.8,1.517
02/10/2021,26.1,31,25,97,-,7.1,8.9,25.9,11.913
03/10/2021,28.6,33,26,82,0,7.7,8.1,16.5,2.878
04/10/2021,26.9,32,24,93,-,8.2,7,24.1,2.11
05/10/2021,29.4,33,26,74,-,9.7,7.4,14.8,0.796
06/10/2021,29.1,34,26,76,-,8,5,13,1.291
07/10/2021,29.6,34,26,72,0,8.5,7.8,14.8,0.67
08/10/2021,30.3,34,27,50,0,9.8,11.3,22.2,1.706
09/10/2021,25.2,30,23,87,-,9.3,11.7,18.3,1.532
10/10/2021,23.9,25,23,99,-,7.9,14.6,20.6,0.736
11/10/2021,23.5,24,22,92,-,8.7,13.3,22.2,0.628
12/10/2021,25.1,29,22,62,0,10,12.2,20.6,1.158
13/10/2021,24.4,27,22,75,-,10,13.5,22.2,2.402
14/10/2021,22.2,24,21,93,-,10,17.4,27.8,0.795
15/10/2021,21.4,22,21,99,-,9,8.9,13,1.531
16/10/2021,20.8,24,19,91,-,9.7,14.1,22.2,0.65
17/10/2021,20.9,24,18,70,-,9.8,12.8,22.2,0.515
18/10/2021,19.4,20,18,100,-,7.9,5.9,11.1,0.794
19/10/2021,22.6,24,20,98,-,7.4,4.8,9.4,1.752
20/10/2021,26.9,31,23,89,0,6.4,10.6,16.5,1.114
21/10/2021,21.4,26,20,85,-,9.2,14.3,33.5,0.679
22/10/2021,19.6,21,18,69,-,10,11.9,20.6,0.814
23/10/2021,21,24,19,68,0,9.3,8,14.8,0.547
24/10/2021,21.2,25,18,70,0,9,7.6,18.3,0.558
25/10/2021,22.2,27,18,72,0,6.9,5.4,16.5,0.603
26/10/2021,23.5,28,20,74,0,5.8,4.6,11.1,0.696
27/10/2021,26,30,21,59,0,8.2,6.1,14.8,0.642
28/10/2021,21.8,25,21,91,-,4.7,6.7,14.8,0.805
29/10/2021,21.5,22,20,100,-,7.4,6.3,20.6,0.606
30/10/2021,19.7,20,19,100,-,9.3,11.9,20.6,0.593
31/10/2021,20.7,22,20,100,-,9,7.2,13,0.51
01/11/2021,21.5,22,20,99,-,9.5,7.6,14.8,0.549
02/11/2021,21.7,23,21,98,-,9.5,7.6,13,0.601
03/11/2021,23.9,27,21,94,0,7.2,7.2,13,0.51
04/11/2021,26.4,30,23,84,0,8.5,13.9,18.3,0.5
05/11/2021,26.7,31,24,82,0,8.2,12.2,16.5,0.607
06/11/2021,26.6,30,24,90,0,8.2,10.6,14.8,0.836
07/11/2021,25.8,31,19,88,-,9.2,12.2,33.5,3.11
08/11/2021,18.7,20,17,60,-,10,12,24.1,3.758
09/11/2021,20.3,24,18,47,0,9.8,8.3,16.5,1.636
10/11/2021,20,24,16,56,0,9.8,6.7,14.8,1.883
11/11/2021,21.6,26,16,55,0,9,5.7,9.4,2.981
12/11/2021,21.8,25,19,58,0,9.8,9.8,18.3,6.596
13/11/2021,20.2,24,16,62,0,9.5,8,20.6,8.604
14/11/2021,21.5,26,19,67,0,8.2,5.4,16.5,6.023
15/11/2021,22.8,26,19,69,0,6.6,6.3,20.6,2.665
16/11/2021,20.9,21,20,88,-,3.9,4.1,9.4,2.331
17/11/2021,20.6,22,19,76,-,8.4,11.9,18.3,2.509
18/11/2021,19.7,23,17,69,0,7.7,7.4,14.8,3.853
19/11/2021,20.7,23,19,87,-,3.4,7,13,4.602
20/11/2021,23.9,28,20,86,-,4.5,7.2,14.8,1.789
21/11/2021,25.8,31,20,84,-,7.4,10.7,25.9,0.736
22/11/2021,18.9,22,17,57,0,10,16.9,27.8,1.009
23/11/2021,18.3,21,17,60,0,10,11.1,22.2,1.225
24/11/2021,18,21,15,67,0,9.8,8.7,18.3,0.944
25/11/2021,18.1,21,16,70,0,8.9,5,9.4,1.458
26/11/2021,20.2,24,16,77,-,8.5,5.6,13,2.714
27/11/2021,20.4,26,15,60,0,8.9,7.2,14.8,0.657
28/11/2021,20.7,26,16,69,0,8.7,5.6,9.4,4.302
29/11/2021,22.4,28,18,61,0,8,5.4,16.5,6.678
30/11/2021,21.4,26,17,55,0,9.5,11.7,22.2,2.801
01/12/2021,18.3,24,12,60,0,9.7,8,18.3,0.636
02/12/2021,17.1,23,11,60,0,9.2,5.6,14.8,5.369
03/12/2021,17.1,24,11,67,0,8.2,5,13,8.024
04/12/2021,17.8,24,12,57,0,7.6,4.8,9.4,10.642
05/12/2021,18.2,24,13,64,0,6.9,4.8,11.1,7.583
06/12/2021,17.8,25,11,67,0,7.9,4.8,11.1,7.652
07/12/2021,17.9,25,12,67,0,7.7,4.6,14.8,6.629
08/12/2021,20.1,24,13,70,-,8.2,4.1,7.6,13.139
09/12/2021,19.1,22,17,85,-,5,5.7,11.1,12.533
10/12/2021,21.4,25,18,78,0,5.8,9.1,18.3,13.101
11/12/2021,21.1,24,17,75,0,5.3,6.9,16.5,9.511
12/12/2021,20.7,26,17,67,0,7.6,13.1,24.1,7.805
13/12/2021,16.9,20,13,72,0,9.2,6.9,14.8,6.258
14/12/2021,19.1,23,13,76,0,6,5.6,14.8,7.917
15/12/2021,19.4,21,18,94,-,2.7,4.8,7.6,9.031
16/12/2021,21.5,26,19,83,0,3.5,5.2,11.1,5.445
17/12/2021,20.8,25,17,69,0,8.9,13.3,18.3,4.035
18/12/2021,18.3,22,14,53,0,9.8,12.4,22.2,2.319
19/12/2021,18.8,22,14,53,0,9.8,7.2,20.6,3.258
20/12/2021,18.6,22,16,61,0,10,10.6,16.5,3.173
21/12/2021,18.6,23,14,70,0,7.6,7.2,13,4.103
22/12/2021,18.8,25,14,71,0,6.1,6.5,16.5,2.622
23/12/2021,19.9,24,16,73,0,5.1,8.1,13,4.141
24/12/2021,20.5,23,18,79,0,3.9,5.6,13,10.622
25/12/2021,20.5,24,18,81,-,4.7,6.7,14.8,11.349
26/12/2021,16.6,19,13,73,0,7.9,15.9,24.1,6.96
27/12/2021,12.7,14,11,71,0,10,13.1,18.3,4.261
28/12/2021,14.8,17,11,72,0,9.2,6.1,14.8,4.164
29/12/2021,14.9,16,14,76,-,9.7,11.7,16.5,5.44
30/12/2021,15.8,19,13,74,-,9.2,10.9,16.5,5.002
31/12/2021,15.5,17,14,84,-,9.3,7,13,8.529
01/01/2022,16.2,17,15,78,-,9,9.4,16.5,10.153
02/01/2022,16.6,22,12,78,0,6.4,5.2,13,10.41
03/01/2022,17.7,20,13,81,0,4.3,3.1,9.4,12.844
04/01/2022,20.7,24,17,74,0,6.3,9.4,20.6,12.135
05/01/2022,20.6,24,18,83,0,4.5,8.3,14.8,8.66
06/01/2022,21,25,18,81,-,7.4,9.8,16.5,9.953
07/01/2022,21,24,19,76,0,7.4,14.4,22.2,10.307
08/01/2022,18.6,22,14,81,-,6.4,15,20.6,11.722
09/01/2022,14.2,15,13,87,-,8.7,11.1,18.3,10.703
10/01/2022,15.3,17,13,86,-,6.9,11.5,18.3,9.832
11/01/2022,17.4,20,15,63,0,9.7,8.3,14.8,8.442
12/01/2022,16.9,18,15,76,0,7.6,9.1,14.8,7.101
13/01/2022,15.6,17,15,77,0,9.3,9.6,18.3,8.657
14/01/2022,16.7,18,15,81,-,4.5,5.4,9.4,6.468
15/01/2022,18.5,21,16,89,-,3.4,4.4,9.4,5.073
16/01/2022,18.3,25,13,87,-,6.3,12.2,25.9,5.248
17/01/2022,14.9,16,14,81,-,10,9.6,18.3,9.075
18/01/2022,17.2,22,13,70,0,7.9,6.7,18.3,10.362
19/01/2022,17.8,22,14,69,-,9,8,14.8,9.391
20/01/2022,16.4,17,15,85,-,6.3,7.4,27.8,8.987
21/01/2022,16.1,17,16,97,-,4.2,4.8,11.1,17.426
22/01/2022,18.9,21,16,93,-,2.9,6.3,11.1,16.232
23/01/2022,21.1,24,18,89,-,3.7,6.7,13,13.564
24/01/2022,22.4,27,20,84,0,6.3,10.4,18.3,8.899
25/01/2022,20.6,22,19,89,-,6.3,13.3,22.2,10.363
26/01/2022,20.8,23,19,93,-,5.5,12.6,20.6,9.977
27/01/2022,22.2,26,20,86,0,7.9,15.6,22.2,9.272
28/01/2022,22.6,26,20,81,-,8.9,17,25.9,11.005
29/01/2022,14.9,20,13,81,-,9.3,19.4,33.5,7.965
30/01/2022,12.4,14,11,80,-,9.5,12.8,18.3,3.436
31/01/2022,12.8,14,12,73,-,10,12,18.3,3.562
01/02/2022,12.8,15,11,74,0,10,12.2,16.5,6.057
02/02/2022,12.6,14,11,75,0,10,12.4,16.5,7.039
03/02/2022,14.4,16,12,65,0,10,8.9,14.8,12.107
04/02/2022,15.6,18,14,67,0,10,8.3,13,13.184
05/02/2022,14.1,17,12,72,-,8.4,6.5,16.5,11.432
06/02/2022,13.1,14,12,96,-,4.5,7.4,14.8,7.035
07/02/2022,17.2,20,14,88,-,5.5,6.9,13,5.759
08/02/2022,15.2,17,13,93,-,8.4,15,18.3,9.96
09/02/2022,12.6,14,11,91,-,9,14.3,18.3,8.346
10/02/2022,13.8,15,12,92,-,5.6,7,13,9.564
11/02/2022,16.3,18,14,96,-,4.2,6.9,11.1,11.107
12/02/2022,14.7,16,13,94,-,6.8,11.7,20.6,10.421
13/02/2022,13.9,15,13,80,-,9.7,13.3,24.1,10.555
14/02/2022,16.9,21,13,67,0,9.5,9.1,20.6,13.739
15/02/2022,16.1,17,15,88,-,6.8,7.6,13,9.261
16/02/2022,16.6,17,15,95,-,3.4,4.3,11.1,8.565
17/02/2022,19.1,20,17,95,-,2.3,5.6,9.4,13.829
18/02/2022,19.6,22,14,97,-,4,15.6,31.7,19.252
19/02/2022,11.2,13,8,89,-,9.5,18.5,31.7,14.362
20/02/2022,9.1,10,8,83,-,10,13.5,20.6,10.407
21/02/2022,11.3,13,9,68,0,10,13.7,18.3,8.368
22/02/2022,11.8,13,11,66,0,10,13.1,20.6,8.158
23/02/2022,13.8,17,10,58,0,10,10.4,18.3,9.256
24/02/2022,14.3,19,10,64,0,8.7,8.9,18.3,8.883
25/02/2022,15.9,20,11,66,0,7.4,7.2,16.5,7.78
26/02/2022,18,21,13,72,0,5.5,5,11.1,8.027
27/02/2022,18.9,22,16,73,0,4,5.4,13,8.216
28/02/2022,20.5,24,16,72,0,5.8,9.4,16.5,7.738
01/03/2022,20.7,22,19,84,0,3.1,5.2,13,8.449
02/03/2022,22.5,25,18,75,0,4.8,8.3,16.5,8.798
03/03/2022,22.4,26,19,80,0,6.4,12.2,22.2,9.361
04/03/2022,21.4,23,20,91,-,4,10,14.8,9.283
05/03/2022,21.4,22,21,96,-,3.5,9.8,14.8,7.431
06/03/2022,22.3,24,19,95,-,4.2,11.7,25.9,7.849
07/03/2022,20.2,24,16,78,-,8,7.8,20.6,4.536
08/03/2022,20.4,26,16,65,0,7.9,13.7,22.2,8.7
09/03/2022,19.9,23,17,79,-,8,14.1,22.2,11.311
10/03/2022,21.1,24,19,83,-,7.7,10.6,16.5,11.435
11/03/2022,22,24,20,82,-,8.2,10.4,16.5,7.793
12/03/2022,22.5,25,21,84,0,8,14.4,20.6,10.223
13/03/2022,22.9,25,21,86,0,7.9,12.6,16.5,10.626
14/03/2022,23.5,25,21,83,0,7.2,8.3,18.3,10.652
15/03/2022,24.7,28,22,80,-,4.7,7.6,18.3,11.43
16/03/2022,23.6,26,22,87,-,5.5,12.8,20.6,11.239
17/03/2022,23.6,25,22,90,-,4.5,10.6,14.8,12.32
18/03/2022,24.9,28,22,84,-,4.8,10.7,18.3,14.406
19/03/2022,24.3,26,22,88,-,6,14.3,20.6,12.595
20/03/2022,25.3,28,24,88,-,7.1,16.7,27.8,14.6
21/03/2022,25.2,28,24,92,-,4,13.5,18.3,13.428
22/03/2022,26.1,31,19,87,-,4.7,14.6,33.5,10.145
23/03/2022,17.9,20,16,84,-,9.8,14.8,27.8,11.445
24/03/2022,19.4,20,16,91,-,4.3,11.5,18.3,14.303
25/03/2022,23.1,25,19,89,-,3.4,7.4,14.8,18.742
26/03/2022,26.7,32,23,82,0,4.2,9.8,18.3,19.7
27/03/2022,21.2,25,18,74,-,9.8,15.6,29.4,12.13
28/03/2022,19.9,22,18,74,0,8.7,8.3,14.8,8.231
29/03/2022,20.1,22,19,87,-,3.1,6.9,13,9.418
30/03/2022,22.5,25,19,89,-,4,10.9,20.6,8.647
31/03/2022,23.9,29,19,82,-,7.6,11.9,31.7,4.338
01/04/2022,17.8,19,17,78,-,9.2,15.2,20.6,4.998
02/04/2022,19.1,22,15,59,0,10,12.2,22.2,3.196
03/04/2022,20.4,25,16,55,0,10,8.3,22.2,6.55
04/04/2022,21.4,27,17,55,0,9.8,7.6,18.3,7.844
05/04/2022,22.7,27,18,60,0,9.2,5.4,13,4.019
06/04/2022,24.8,29,19,65,0,7.4,7.4,13,11.88
07/04/2022,25.4,31,19,58,0,8.2,8.5,16.5,8.876
08/04/2022,25.1,31,20,61,0,7.1,8.5,14.8,3.837
09/04/2022,24.5,30,20,65,0,7.6,13.1,22.2,4.798
10/04/2022,24.6,29,21,73,0,7.9,11.9,18.3,8.282
11/04/2022,23.3,25,22,87,-,6.3,10,16.5,7.67
12/04/2022,25.1,28,23,85,0,7.4,11.5,18.3,11.876
13/04/2022,27,32,23,76,0,6.4,7,11.1,11.248
14/04/2022,27.4,31,24,74,0,8,15.2,22.2,10.532
15/04/2022,26.1,28,23,87,-,6.1,14.8,25.9,6.377
16/04/2022,21.6,26,18,87,-,9.5,17,25.9,6.55
17/04/2022,17.7,19,17,92,-,8.9,12.8,18.3,5.777
18/04/2022,19.6,23,17,79,-,9.3,9.8,18.3,7.247
19/04/2022,22.3,26,19,69,0,9.3,8.9,16.5,3.598
20/04/2022,22,26,20,76,0,6.8,8.1,11.1,0.939
21/04/2022,22.2,23,21,88,-,4.3,11.3,18.3,1.21
22/04/2022,25.8,29,22,81,-,7.9,14.8,22.2,2.123
23/04/2022,27.3,31,24,82,-,8.5,14.1,20.6,2.967
24/04/2022,26.8,29,25,86,-,8.5,14.6,20.6,7.8
25/04/2022,27.9,32,26,83,0,8.2,14.8,24.1,5.372
26/04/2022,28.1,31,26,83,-,7.6,15,22.2,3.883
27/04/2022,28.2,31,26,84,-,8.9,14.8,20.6,2.413
28/04/2022,26.9,28,26,88,-,8.7,13.3,22.2,1.552
29/04/2022,26.8,28,25,89,-,7.2,9.4,18.3,1.633
30/04/2022,27.8,32,20,78,-,9,14.3,37,7.712
01/05/2022,22.8,27,20,60,-,10,15.6,27.8,4.109
02/05/2022,23.7,27,19,56,0,10,8.3,18.3,0.671
03/05/2022,24.7,30,19,52,0,9.8,7.8,20.6,1.511
04/05/2022,25.5,30,21,54,0,9.3,8,18.3,12.442
05/05/2022,26.1,30,23,65,0,8.5,10,20.6,5.28
06/05/2022,26.3,29,24,74,-,8.2,7.6,11.1,0.6
07/05/2022,26.8,30,24,82,-,8.2,10.6,24.1,0.879
08/05/2022,26.1,29,24,84,-,9.5,17.4,27.8,10.914
09/05/2022,27.5,32,25,83,-,9.5,16.1,22.2,10.145
10/05/2022,28.7,33,26,82,-,9,12.2,22.2,6.815
11/05/2022,29,33,26,82,-,8.5,11.3,20.6,2.115
12/05/2022,26.6,31,24,88,-,9,10,18.3,1.274
13/05/2022,26,30,23,84,-,8.7,14.4,20.6,2.548
14/05/2022,24.7,26,23,89,-,7.2,8.3,14.8,2.536
15/05/2022,24.4,27,22,76,-,8.9,13.5,20.6,2.646
16/05/2022,23.5,27,20,67,-,10,7.8,16.5,1.334
17/05/2022,24.9,28,22,63,0,9.7,8.3,16.5,1.413
18/05/2022,25.8,29,23,71,0,9,11.1,22.2,0.86
19/05/2022,26.2,29,24,80,0,8.4,10.7,16.5,1.099
20/05/2022,26.9,30,24,79,-,9.3,9.1,16.5,1.229
21/05/2022,25.2,27,23,80,-,9.8,12.2,18.3,1.06
22/05/2022,24.3,26,23,96,-,5.5,12,20.6,11.978
23/05/2022,24.1,27,23,97,-,6,9.8,20.6,12.39
24/05/2022,24.2,25,23,98,-,6.8,6.3,11.1,1.817
25/05/2022,27.8,31,25,85,0,6.6,8.5,16.5,0.703
26/05/2022,28.6,33,25,81,-,7.9,10.9,16.5,0.807
27/05/2022,27.9,32,24,88,-,7.6,10.2,25.9,0.962
28/05/2022,28.7,33,26,87,-,8.2,13.1,24.1,0.998
29/05/2022,28.5,34,26,86,-,8.7,10.7,27.8,0.717
30/05/2022,27.3,32,24,88,-,8.9,9.3,22.2,0.65
31/05/2022,27.7,32,25,84,-,8.5,9.4,18.3,0.658
01/06/2022,28.8,34,25,82,-,8,10.4,27.8,1.338
02/06/2022,29.7,34,26,80,0,9,11.1,16.5,0.535
03/06/2022,31.3,37,27,70,0,9.7,10.6,18.3,0.574
04/06/2022,32.1,38,27,68,0,9.8,9.4,18.3,2.91
05/06/2022,30.7,34,28,79,0,9.2,11.1,16.5,2.74
06/06/2022,27.1,30,24,87,-,9.3,5.6,14.8,2.283
07/06/2022,28.6,31,26,82,0,8.7,8.1,14.8,0.852
08/06/2022,27.2,32,25,87,-,8.2,7.2,14.8,0.586
09/06/2022,29.4,33,27,82,0,7.4,7.4,11.1,0.747
10/06/2022,29.2,33,26,83,-,8.7,9.1,13,0.896
11/06/2022,28.2,29,27,88,-,7.2,6.5,9.4,0.685
12/06/2022,31,34,27,75,-,8.2,8,14.8,0.507
13/06/2022,29.7,35,25,78,-,9.5,10,27.8,2.089
14/06/2022,27.7,30,26,86,-,10,10.7,18.3,2.594
15/06/2022,28.3,31,25,81,-,9.7,7.8,14.8,0.55
16/06/2022,30.3,35,26,73,0,10,9.1,14.8,1.397
17/06/2022,31.8,35,27,67,0,9.7,9.8,14.8,0.927
18/06/2022,32.6,37,28,60,0,9.8,10.7,22.2,0.678
19/06/2022,34.1,38,29,56,0,9.5,8.5,18.3,0.534
20/06/2022,33.2,38,28,61,0,9.7,12,18.3,0.72
21/06/2022,33.1,39,27,62,0,9.8,13.5,25.9,2.957
22/06/2022,30.6,36,24,74,-,9.3,13.9,25.9,4.08
23/06/2022,28.3,33,25,84,0,9.3,9.1,18.3,3.384
24/06/2022,30.4,35,26,73,0,9.8,13.9,24.1,1.562
25/06/2022,30.8,35,27,69,0,10,12.8,24.1,0.843
26/06/2022,30.5,35,28,75,-,9.8,13.5,24.1,0.608
27/06/2022,32.1,37,28,69,0,10,11.5,22.2,0.981
28/06/2022,32.2,36,29,69,0,9.8,10.4,22.2,0.878
29/06/2022,29.6,33,23,76,-,9.5,7.4,29.4,0.885
30/06/2022,28.6,32,26,82,0,9.3,7.2,11.1,3.059
01/07/2022,28.4,33,26,84,-,9.5,9.6,18.3,1.456
02/07/2022,30.1,36,26,75,-,9.7,13,35.2,0.723
03/07/2022,32.2,37,28,70,0,10,8.3,16.5,1.635
04/07/2022,32.1,36,29,74,0,9.8,8.1,16.5,1.952
05/07/2022,29.2,36,24,82,-,9.8,10.6,37,1.32
06/07/2022,28.4,31,26,84,-,8,9.1,13,0.701
07/07/2022,27.2,32,25,89,-,8,11.7,24.1,3.338
08/07/2022,27.4,29,25,89,-,10,7.2,13,1.988
09/07/2022,27.3,30,26,88,-,9,8.7,18.3,2.076
10/07/2022,29.6,34,27,78,-,10,5.9,11.1,1.062
11/07/2022,30.2,34,28,78,0,9.8,9.1,18.3,0.576
12/07/2022,29.7,33,27,81,-,9.8,8.7,16.5,0.93
13/07/2022,28.7,33,26,84,-,9.2,5.7,22.2,0.651
14/07/2022,30.1,34,25,78,-,9.8,10,20.6,0.583
15/07/2022,29.6,33,26,82,-,9.3,8.9,20.6,0.75
16/07/2022,31.7,35,29,75,0,10,13.3,18.3,4.29
17/07/2022,32.3,36,29,78,0,10,13,22.2,5.48
18/07/2022,31.1,37,25,77,-,9.8,13,27.8,2.526
19/07/2022,29.2,35,26,82,-,10,11.1,24.1,10.062
20/07/2022,28.5,32,27,85,-,9.7,8,22.2,10.953
21/07/2022,27.4,31,25,88,-,9.7,13.1,25.9,0
22/07/2022,27.7,33,25,86,-,9.8,9.8,37,0.611
23/07/2022,30.1,35,27,76,0,9.3,8.7,16.5,0.716
24/07/2022,30.9,35,26,73,0,9.2,11.7,16.5,0.583
25/07/2022,30.8,35,26,71,0,9.3,10.6,16.5,0.736
26/07/2022,30.8,36,27,73,0,9.3,12.2,18.3,0.861
27/07/2022,30.7,35,26,72,0,9.3,12,18.3,0.791
28/07/2022,30.5,34,27,76,0,9.3,10.7,16.5,1.16
29/07/2022,31.1,35,28,74,0,9.3,10.2,16.5,5.013
30/07/2022,29.2,35,25,80,-,8.4,6.9,35.2,11.665
31/07/2022,29.4,34,26,78,-,9.8,11.1,27.8,10.488
01/08/2022,29.4,34,26,79,-,9.5,9.4,22.2,4.915
02/08/2022,30.3,34,27,76,-,9.3,8.9,18.3,0.679
03/08/2022,31.5,36,28,71,0,9.2,8.1,16.5,0.73
04/08/2022,29.7,35,25,79,-,9.7,9.1,18.3,0.97
05/08/2022,28.7,32,25,80,-,9.5,10.7,20.6,0.668
06/08/2022,27.3,29,26,87,-,9.3,9.3,16.5,0.712
07/08/2022,27.8,31,26,88,-,8,9.3,18.3,0.685
08/08/2022,28.1,35,25,82,-,9.5,7.6,25.9,1.565
09/08/2022,30.2,35,26,73,-,10,5.9,9.4,7.286
10/08/2022,27.8,33,25,85,-,8.9,11.7,22.2,1.86
11/08/2022,26,29,23,93,-,8.7,14.3,27.8,1.011
12/08/2022,25.2,27,24,93,-,6.4,7.2,13,0.811
13/08/2022,28.4,31,25,81,0,8.7,8.3,14.8,0.713
14/08/2022,28.7,33,25,80,0,9,8.5,14.8,0.714
15/08/2022,29.9,34,27,79,0,9.7,9.3,18.3,0.759
16/08/2022,30.9,35,27,75,0,9.5,9.3,16.5,0.68
17/08/2022,30.2,35,27,78,0,8.9,9.8,14.8,4.353
18/08/2022,30.7,35,27,76,0,9.7,8.9,22.2,14.216
19/08/2022,31,35,25,75,-,9,9.4,27.8,11.359
20/08/2022,27.2,31,24,89,-,9,8,22.2,8.184
21/08/2022,27.1,30,25,89,-,9.8,13.7,25.9,0.993
22/08/2022,29.9,34,27,80,-,9.2,9.8,16.5,0.893
23/08/2022,29.6,34,27,82,-,9.7,9.1,16.5,0.875
24/08/2022,31.2,35,28,78,0,8.5,5.2,11.1,8.055
25/08/2022,27.1,31,24,89,-,7.2,15.6,27.8,4.582
26/08/2022,28.6,32,26,83,-,9.7,14.4,29.4,3.423
27/08/2022,29.7,34,26,77,0,9.8,11.1,22.2,1.215
28/08/2022,30.5,35,27,77,0,9.5,13,22.2,0.876
29/08/2022,30.6,36,27,75,0,9,12.8,18.3,0.543
30/08/2022,30.8,35,27,72,0,9.3,10.4,16.5,5.39
31/08/2022,30.6,35,28,76,0,9,8.5,13,5.533
01/09/2022,28.1,31,25,83,-,9.2,9.8,29.4,1.612
02/09/2022,30.7,35,27,70,0,9.3,6.3,13,1.038
03/09/2022,30.8,35,26,73,0,8.5,9.3,22.2,2.123
04/09/2022,26.7,31,25,81,-,9.7,11.1,18.3,3.532
05/09/2022,29.2,34,25,66,0,10,7,13,2.433
06/09/2022,30.4,36,26,61,0,9.7,5.9,11.1,4.144
07/09/2022,28.3,35,25,75,-,7.7,6.7,25.9,3.443
08/09/2022,26.7,31,25,87,-,8.5,11.5,29.4,1.007
09/09/2022,27.4,30,25,81,-,9.5,5.7,9.4,0.958
10/09/2022,28.4,32,26,79,0,8.4,6.1,11.1,2.897
11/09/2022,28.7,33,26,77,0,8.9,8.3,13,1.954
12/09/2022,29.4,33,26,74,0,8.7,6.9,13,0.942
13/09/2022,29.1,33,26,77,0,7.2,6.5,14.8,1.073
14/09/2022,29.9,35,26,72,0,7.4,5.7,13,0.972
15/09/2022,30.4,35,27,73,0,8.4,10.6,18.3,0.978
16/09/2022,27.8,31,26,81,-,9.8,10,18.3,0.934
17/09/2022,27.8,32,25,83,-,8.4,8.7,16.5,0.995
18/09/2022,29.8,34,26,74,0,8,7.4,13,0.819
19/09/2022,30.1,35,27,76,0,7.9,8.5,14.8,0.528
20/09/2022,29.1,35,25,73,0,9.3,7,16.5,1.554
21/09/2022,27.4,31,24,81,-,8.9,6.7,25.9,0.909
22/09/2022,27.6,32,25,80,-,9.3,8.9,22.2,0.905
23/09/2022,27.4,34,23,77,-,8.9,8.3,27.8,1.183
24/09/2022,26.9,29,25,76,-,10,10.4,14.8,18.699
25/09/2022,25.6,28,24,85,-,8,9.3,18.3,2.362
26/09/2022,28.2,33,24,78,0,6.8,6.5,11.1,3.324
27/09/2022,29.6,34,26,70,-,8,7.6,11.1,1.214
28/09/2022,26.4,30,25,81,-,7.9,7.4,14.8,1.933
29/09/2022,25.8,29,24,88,-,8,7.8,14.8,1.15
30/09/2022,26.6,32,25,85,-,9.2,8.5,25.9,0.578
01/10/2022,26.4,29,25,87,-,9.3,12.8,20.6,0.856
02/10/2022,26.8,30,25,84,-,9.7,9.1,18.3,0.866
03/10/2022,27.9,33,25,79,0,8.7,7.2,24.1,8.411
04/10/2022,27.4,33,24,80,-,9,5.2,16.5,13.33
05/10/2022,28.6,33,25,74,0,8.7,6.7,18.3,2.382
06/10/2022,26.3,33,24,84,-,8.9,6.1,29.4,0.67
07/10/2022,26.4,30,24,86,-,7.7,6.9,31.7,0.953
08/10/2022,26.9,30,25,79,-,9,10,24.1,0.574
09/10/2022,24.6,27,23,70,-,9.5,17.2,27.8,0.689
10/10/2022,22.9,27,19,61,0,9.5,8.7,18.3,2.323
11/10/2022,24.3,29,20,57,0,8.9,6.9,16.5,1.428
12/10/2022,25.2,30,22,55,0,9.2,7,14.8,1.479
13/10/2022,24.7,30,19,54,0,9.3,6.3,14.8,0.751
14/10/2022,25.5,31,21,54,0,9.2,7.4,18.3,0.543
15/10/2022,25.4,31,19,50,0,9.7,8,18.3,0.549
16/10/2022,27.3,32,20,49,0,9.2,11.3,22.2,0.619
17/10/2022,27.1,32,23,45,0,9.7,12,20.6,0.597
18/10/2022,25.3,30,20,44,0,9.3,11.3,25.9,0.589
19/10/2022,20.5,26,16,60,-,8.2,11.9,20.6,0.681
20/10/2022,17.6,19,17,93,-,6.8,8,14.8,0.564
21/10/2022,20.7,22,19,92,-,6.6,8.7,13,0.777
22/10/2022,26.1,32,20,74,0,9.2,5.9,13,0.522
23/10/2022,27.9,34,23,67,0,8.5,5.2,11.1,0.502
24/10/2022,28,33,24,66,0,7.9,7.8,20.6,1.077
25/10/2022,24.4,28,23,85,-,4.7,7,16.5,0.63
26/10/2022,25.6,29,23,80,0,5.8,5.7,11.1,0.959
27/10/2022,26.6,29,24,73,0,9.8,6.9,11.1,2.305
28/10/2022,27.1,31,24,66,0,8.2,6.9,13,3.586
29/10/2022,25.8,30,21,71,0,6.8,7.4,13,8.386
30/10/2022,26.1,31,21,67,0,8.5,9.1,16.5,3.514
31/10/2022,25.3,30,21,53,0,10,11.5,22.2,3.153
01/11/2022,23.8,30,17,53,0,9.7,9.3,20.6,8.165
02/11/2022,23.2,30,17,57,0,8.5,6.3,16.5,8.809
03/11/2022,23.7,30,18,59,0,9.2,6.7,13,2.342
04/11/2022,24.7,30,20,63,0,7.7,6.3,14.8,1.045
05/11/2022,24.5,29,20,65,0,8,8.3,22.2,0.636
06/11/2022,23.4,28,19,71,0,6,7.2,13,0.936
07/11/2022,23.8,28,20,73,0,5.6,6.9,13,1.329
08/11/2022,24.1,29,19,72,0,5.6,5.2,16.5,1.34
09/11/2022,24.9,29,20,74,0,7.9,6.3,13,0.92
10/11/2022,25.1,27,23,79,0,5.3,5.7,11.1,0.634
11/11/2022,25.8,30,23,78,0,7.9,10,16.5,0.86
12/11/2022,25.9,30,22,76,0,7.9,10.2,16.5,0.856
13/11/2022,25.8,29,22,78,0,7.2,5.6,11.1,0.71
14/11/2022,25.7,29,23,80,0,5.6,6.1,9.4,0.738
15/11/2022,26.1,29,24,80,-,7.9,9.4,16.5,3.3
16/11/2022,27.2,31,24,77,0,8.5,12.4,18.3,3.083
17/11/2022,26.8,31,24,80,0,8.7,14.3,24.1,1.536
18/11/2022,27.1,31,25,81,-,9,13,18.3,0.754
19/11/2022,26.4,30,23,77,-,9.2,10.2,16.5,1.099
20/11/2022,24.6,29,22,77,0,9,7.8,14.8,3.457
21/11/2022,25.2,30,21,75,0,7.1,6.9,11.1,0.741
22/11/2022,26.1,28,23,74,0,8.4,5,9.4,0.773
23/11/2022,25.9,29,22,77,-,9.2,9.3,14.8,0.993
24/11/2022,22.4,24,21,90,-,8.5,8.3,13,0.873
25/11/2022,23.4,25,22,90,-,6.8,6.9,11.1,0.816
26/11/2022,23.2,25,22,92,-,7.6,13.1,18.3,1.006
27/11/2022,27.1,31,24,80,0,8.4,15.2,22.2,1.198
28/11/2022,27.4,32,25,82,0,8.7,13.9,20.6,0.564
29/11/2022,28.1,32,26,79,-,9.2,13.3,20.6,0.675
30/11/2022,23.3,32,15,81,-,9.8,20.6,33.5,0.794
01/12/2022,14.4,15,13,77,-,10,17.6,24.1,2.592
02/12/2022,15.6,18,13,67,0,10,10.9,20.6,7.179
03/12/2022,17.9,20,15,73,0,9.5,8,13,13.517
04/12/2022,16.7,19,15,78,-,10,15.2,20.6,6.638
05/12/2022,16.6,20,14,68,0,9.8,11.1,22.2,3.412
06/12/2022,17.6,19,15,60,0,9.2,8.3,14.8,1.252
07/12/2022,16.3,18,15,74,0,8.9,10,18.3,6.601
08/12/2022,16.6,17,16,80,0,9.7,10,14.8,7.625
09/12/2022,16.3,17,15,84,-,7.7,10.4,14.8,5.631
10/12/2022,16.8,18,15,81,-,7.7,7.2,14.8,0
11/12/2022,18.7,21,17,59,0,10,7,13,5.085
12/12/2022,17.7,22,14,59,0,8,9.4,22.2,6.919
13/12/2022,18.5,23,13,47,0,7.9,8.7,13,5.217
14/12/2022,17.3,22,11,50,0,8.5,9.1,18.3,15.195
15/12/2022,17.8,23,12,57,0,7.1,8.5,14.8,10.445
16/12/2022,20.3,24,18,52,0,8.2,10.7,20.6,9.694
17/12/2022,18.3,21,15,34,0,10,17.2,27.8,8.58
18/12/2022,15.3,20,9,35,0,9.8,9.8,20.6,2.726
19/12/2022,14.7,20,9,45,0,8,7,13,0.742
20/12/2022,18.2,22,10,44,0,8.5,7.8,16.5,11.119
21/12/2022,18,23,13,51,0,7.6,7.6,18.3,12.809
22/12/2022,19.1,24,12,49,0,8.4,6.7,14.8,11.633
23/12/2022,19.6,24,15,48,0,9,9.3,20.6,13.61
24/12/2022,18.7,24,13,50,0,8.9,6.3,13,13.409
25/12/2022,18.4,24,13,65,0,7.6,10.4,20.6,10.296
26/12/2022,17.6,20,14,78,0,5,6.1,13,11.356
27/12/2022,19.4,21,17,73,0,8.7,9.8,16.5,9.329
28/12/2022,13.6,18,12,76,-,8.7,15.6,24.1,6.696
29/12/2022,13.6,15,13,65,0,10,11.9,18.3,9.232
30/12/2022,14.4,16,13,67,0,9.5,9.3,18.3,10.71
31/12/2022,15,17,12,65,0,9.8,6.9,11.1,9.832
01/01/2023,17.7,22,11,66,0,7.6,6.3,13,9.452
02/01/2023,17.9,21,15,67,-,9.3,10.6,16.5,4.686
03/01/2023,18.5,21,15,65,0,7.6,7.4,16.5,5.168
04/01/2023,19.2,22,16,68,0,6.3,10,18.3,5.884
05/01/2023,19.4,21,17,73,0,8.4,7.6,14.8,8.208
06/01/2023,19.1,25,12,55,0,9.7,15,25.9,8.173
07/01/2023,18.1,23,13,59,0,7.6,5,9.4,8.916
08/01/2023,19.7,23,16,63,-,6.6,7.6,14.8,13.068
09/01/2023,20.6,23,18,72,0,3.9,6.9,16.5,10.054
10/01/2023,19.7,23,18,82,-,4.5,6.5,14.8,4.347
11/01/2023,19.6,21,18,89,-,5.1,7,11.1,2.706
12/01/2023,21.1,24,19,82,-,5.6,11.1,18.3,7.46
13/01/2023,22.9,29,19,80,-,5.6,10.7,16.5,5.979
14/01/2023,24.3,32,19,66,0,6.4,8.3,16.5,8.529
15/01/2023,17.8,22,13,64,0,8.7,20.6,31.7,8.217
16/01/2023,13.2,15,11,52,0,10,13.5,18.3,6.019
17/01/2023,12.9,14,11,60,0,10,10.7,20.6,8.153
18/01/2023,14.9,17,13,58,0,8.5,7.8,14.8,9.297
19/01/2023,15,17,14,58,0,9.7,7.4,14.8,11.045
20/01/2023,15.6,18,12,65,0,6.6,7.2,13,9.599
21/01/2023,17.8,23,13,70,0,5.1,8.3,14.8,9.157
22/01/2023,18.5,21,16,77,0,3.9,5.2,9.4,7.531
23/01/2023,19.5,23,16,67,0,7.9,14.4,29.4,8.505
24/01/2023,15.1,20,7,47,0,10,13.5,27.8,10.119
25/01/2023,14.3,19,7,56,0,8.5,11.7,18.3,10.582
26/01/2023,15.6,18,13,75,-,6.6,8.1,22.2,8.383
27/01/2023,15.1,17,13,51,0,9.8,12.6,25.9,7.744
28/01/2023,14.3,20,9,43,0,9.7,8.3,16.5,7.657
29/01/2023,14.7,21,9,44,0,8.4,7.2,14.8,6.292
30/01/2023,15.6,22,9,50,0,7.6,8.9,16.5,7.876
31/01/2023,17.3,23,10,64,0,7.1,11.5,18.3,7.558
01/02/2023,19.7,23,15,78,-,5.8,8.1,16.5,8.977
02/02/2023,21.1,23,20,86,-,2.7,5.9,9.4,9.253
03/02/2023,20.1,22,19,96,-,3.1,8.7,13,10.49
04/02/2023,20.7,22,19,94,-,3.7,11.3,16.5,9.632
05/02/2023,20.7,23,20,93,-,6,11.9,18.3,9.105
06/02/2023,20.4,21,20,97,-,2.9,12.6,24.1,8.592
07/02/2023,21,22,20,96,-,2.6,9.6,18.3,11.244
08/02/2023,21.5,22,21,95,-,3.7,12.2,22.2,10.825
09/02/2023,22.3,24,21,93,-,4.7,11.5,16.5,9.068
10/02/2023,22.5,24,22,91,-,4.8,14.1,20.6,8.541
11/02/2023,23.3,25,22,89,-,6,16.7,22.2,10.325
12/02/2023,24.4,28,22,85,0,6.4,14.8,22.2,9.671
13/02/2023,24.5,29,18,78,-,7.7,13.7,27.8,10.338
14/02/2023,18.1,20,17,62,-,10,14.4,29.4,10.347
15/02/2023,16.7,17,16,63,0,9.8,8.5,18.3,10.362
16/02/2023,16.7,18,16,69,0,8.9,6.7,13,9.159
17/02/2023,18.2,20,16,78,0,5,6.9,13,8.469
18/02/2023,20.8,23,17,77,0,5.6,7.8,13,8.83
19/02/2023,20.1,23,18,77,-,6.6,10.9,16.5,8.569
20/02/2023,20.8,24,18,65,0,8.7,7,16.5,9.449
21/02/2023,21.2,24,19,69,0,6.6,9.4,16.5,9.479
22/02/2023,20.4,23,18,71,0,8.9,10.4,16.5,8.056
23/02/2023,20.7,23,18,76,0,8,10.2,18.3,9.773
24/02/2023,18.8,21,16,68,-,8.4,12.6,24.1,0
25/02/2023,19,25,13,54,0,9.3,9.6,22.2,6.916
26/02/2023,17.8,23,12,54,0,8.4,8.9,20.6,7.784
27/02/2023,18.2,23,12,61,0,6.9,8.1,13,8.034
28/02/2023,19.6,24,14,71,0,6.1,9.3,18.3,8.266
01/03/2023,19.6,21,17,82,0,3.7,5.9,9.4,8.604
02/03/2023,22.3,27,17,64,0,6.1,9.3,14.8,9.989
03/03/2023,19,-,-,73,0,10,14.8,18.3,10.142
04/03/2023,19.3,23,15,71,0,8,9.1,16.5,10.401
05/03/2023,21.9,27,16,65,0,6,8.9,22.2,10.756
06/03/2023,21.9,26,18,66,0,7.2,14.8,25.9,9.972
07/03/2023,22.1,26,20,73,0,8.2,14.4,24.1,9.518
08/03/2023,21.7,24,19,82,-,6.1,8.1,16.5,6.656
09/03/2023,23.6,29,19,73,0,5,9.8,18.3,6.88
10/03/2023,23.6,29,20,72,0,5.8,15.4,25.9,4.571
11/03/2023,21.5,22,21,88,-,4.8,6.5,14.8,5.206
12/03/2023,22.7,27,17,72,-,6.9,12.4,25.9,6.035
13/03/2023,18.9,21,16,63,0,9,8.1,18.3,9.877
14/03/2023,21.3,26,16,68,0,7.1,12.6,24.1,8.159
15/03/2023,21.3,23,20,86,-,4.2,8.3,18.3,9.902
16/03/2023,24.3,28,21,76,0,8.9,15,24.1,5.746
17/03/2023,23.6,26,22,81,0,7.6,13.5,20.6,7.248
18/03/2023,23.3,25,22,81,0,8.2,14.6,22.2,7.886
19/03/2023,24.4,27,22,78,-,8.9,15.6,18.3,6.33
20/03/2023,24.9,28,23,86,-,6.6,14.1,22.2,11.512
21/03/2023,25.8,29,24,85,-,4.8,11.7,20.6,12.319
22/03/2023,27.7,34,24,77,0,6,13.7,20.6,11.096
23/03/2023,27.1,32,25,81,0,5.6,11.1,20.6,8.884
24/03/2023,27.1,31,25,79,-,6.6,14.8,22.2,8.843
25/03/2023,23.6,27,20,87,-,6.9,16.3,22.2,7.791
26/03/2023,18.7,20,17,84,-,9.2,14.8,20.6,10.727
27/03/2023,19.2,21,17,75,0,10,9.8,16.5,10.34
28/03/2023,17.9,19,16,82,-,9.3,10.7,16.5,10.012
29/03/2023,19.3,22,17,82,-,9.7,10.4,18.3,12.184
30/03/2023,19.8,22,18,82,-,7.4,5.7,11.1,12.204
31/03/2023,20.4,22,19,94,-,2.6,5.4,11.1,8.573
01/04/2023,21.6,22,21,95,-,2.3,5.2,9.4,9.218
02/04/2023,24.2,26,22,94,-,3.7,11.1,18.3,9.11
03/04/2023,26,30,24,86,-,6.3,13.7,24.1,10.633
04/04/2023,26.6,30,25,84,0,5.5,11.1,16.5,11.645
05/04/2023,27.7,32,25,79,0,5.8,12.4,22.2,12.599
06/04/2023,27.8,33,24,69,0,7.6,14.3,22.2,10.882
07/04/2023,23.3,25,22,62,0,10,8.3,16.5,7.207
08/04/2023,19.8,22,18,76,-,9.7,10.9,22.2,6.428
09/04/2023,18.9,20,18,89,-,4.5,8.9,11.1,12.896
10/04/2023,20.9,22,19,92,-,3.5,5,9.4,13.301
11/04/2023,23.4,26,21,93,-,2.6,7,13,9.037
12/04/2023,24.2,26,23,95,-,2.6,9.6,14.8,12.402
13/04/2023,24.1,25,24,95,-,2.4,12.6,20.6,11.04
14/04/2023,24.4,25,24,96,-,2.7,9.6,16.5,10.645
15/04/2023,25.7,30,22,85,-,6.3,7.2,18.3,9.293
16/04/2023,25.9,30,23,77,0,6.9,8.9,14.8,8.805
17/04/2023,26.1,28,24,88,-,4.5,14.3,20.6,8.881
18/04/2023,27.2,30,25,86,-,5.8,12.6,22.2,8.648
19/04/2023,28.2,32,25,81,0,5.1,9.1,16.5,9.691
20/04/2023,27.9,31,26,81,0,5.6,9.3,18.3,9.424
21/04/2023,28.4,32,26,81,0,4.8,10.7,25.9,10.904
22/04/2023,28.3,32,26,83,-,6.4,14.6,20.6,10.693
23/04/2023,28,31,26,83,0,7.7,13.5,20.6,5.825
24/04/2023,28.1,33,24,81,-,9,15.6,27.8,3.934
25/04/2023,20.2,24,18,87,-,8.9,12,29.4,3.473
26/04/2023,22.8,26,21,70,0,8.7,6.7,14.8,4.781
27/04/2023,25.9,31,22,77,0,7.6,15.2,24.1,6.885
28/04/2023,27,30,25,84,-,8.7,13.7,27.8,8.522
29/04/2023,24.3,29,21,79,-,9.7,11.7,24.1,5.279
30/04/2023,23.4,25,22,72,-,9.8,6.5,11.1,5.1
01/05/2023,25.6,30,22,72,0,8.9,12.2,20.6,2.62
02/05/2023,26.7,31,23,79,0,7.9,14.1,18.3,8.597
03/05/2023,28.4,32,26,78,0,9.7,16.9,25.9,13.337
04/05/2023,29.2,34,27,81,0,8.7,15.7,25.9,16.484
05/05/2023,30,36,27,81,0,8.7,13.7,22.2,15.147
06/05/2023,31.9,39,28,74,0,9,11.7,22.2,13.797
07/05/2023,29.9,36,23,78,-,9,15.2,38.9,14.099
08/05/2023,24.1,27,21,87,-,8.9,13.3,20.6,12.707
09/05/2023,23.9,26,22,90,-,6,9.4,14.8,13.714
10/05/2023,27.3,30,24,87,0,7.7,11.7,16.5,9.541
11/05/2023,26.8,33,24,76,-,9.5,13,27.8,7.18
12/05/2023,25.2,29,21,67,-,10,13.1,22.2,11.18
13/05/2023,23.3,25,21,75,-,9.8,11.7,22.2,10.741
14/05/2023,23.3,26,20,87,-,7.6,7.2,11.1,6.216
15/05/2023,27.4,32,24,76,-,8.9,12.4,24.1,5.063
16/05/2023,29.9,36,26,75,0,8,11.5,22.2,4.351
17/05/2023,32.4,39,27,60,0,8.7,9.8,18.3,5.6
18/05/2023,32.7,39,27,60,0,8.9,9.6,16.5,13.659
19/05/2023,31.1,36,27,74,0,8.4,14.3,22.2,11.607
20/05/2023,30.9,36,28,79,0,8.2,14.4,22.2,6.773
21/05/2023,31.4,36,28,79,0,8.5,15.6,25.9,1.321
22/05/2023,32.3,38,29,73,0,8.9,13.3,22.2,0.629
23/05/2023,29.7,35,23,79,-,9,15.7,25.9,2.655
24/05/2023,27.7,33,24,84,-,8.9,10.6,22.2,0.846
25/05/2023,27.7,32,25,83,-,9.8,10.6,20.6,0.78
26/05/2023,28.6,32,26,83,-,8.4,12.6,25.9,2.185
27/05/2023,29.4,33,27,82,0,9,14.6,25.9,0.907
28/05/2023,29.9,34,27,77,0,9.3,11.9,20.6,2.823
29/05/2023,30.8,35,27,74,0,8.9,10.4,20.6,6.172
30/05/2023,31.5,36,27,68,0,9,9.8,16.5,1.547
31/05/2023,31.9,37,28,69,0,9.2,12.4,22.2,1.017
01/06/2023,31.8,37,28,78,0,9,12.6,24.1,1.07
02/06/2023,31.8,38,26,69,0,9.5,12,25.9,1.068
03/06/2023,31.3,37,28,68,0,9.7,10,25.9,2.503
04/06/2023,30.1,36,26,72,0,9.7,11.7,22.2,8.812
05/06/2023,30.3,35,28,76,0,9,7,14.8,1.774
06/06/2023,28.4,34,27,85,-,9,8.5,20.6,6.25
07/06/2023,31.2,36,27,69,-,8.7,9.3,22.2,8.778
08/06/2023,29.7,36,24,80,-,7.7,10.6,27.8,2.014
09/06/2023,29.9,33,26,77,0,8.9,10.6,20.6,1.188
10/06/2023,31.9,36,28,69,0,8.2,8.5,22.2,0.875
11/06/2023,31.8,37,28,72,0,9.2,9.6,20.6,1.205
12/06/2023,30.1,35,27,80,-,8.2,10.9,24.1,8.397
13/06/2023,28.9,34,25,81,-,8.7,10.4,29.4,11.871
14/06/2023,27.3,30,26,87,-,9,5.6,11.1,4.782
15/06/2023,30.1,35,27,77,0,7.7,8.7,14.8,1.395
16/06/2023,31.8,35,28,75,0,9.5,12.8,20.6,1.512
17/06/2023,29.7,36,24,80,-,9.5,10.6,29.4,1.967
18/06/2023,28.7,33,26,83,-,9.8,10.7,20.6,1.581
19/06/2023,28.6,31,27,89,-,8.2,9.4,13,5.181
20/06/2023,29.9,36,24,76,-,8.7,11.7,37,17.118
21/06/2023,28.7,34,26,82,-,9.5,9.3,20.6,16.534
22/06/2023,30.1,33,25,81,-,9.7,9.8,20.6,6.827
23/06/2023,26.9,30,25,86,-,9.8,7.8,16.5,1.077
24/06/2023,26.3,28,25,93,-,7.1,6.9,13,1.318
25/06/2023,26.1,28,25,93,-,9.7,6.9,13,1.14
26/06/2023,27.6,30,26,86,-,8.9,11.9,18.3,0.915
27/06/2023,27.9,30,26,86,-,9.5,14.1,24.1,4.216
28/06/2023,30.1,34,26,80,-,9.8,14.1,24.1,5.137
29/06/2023,31.6,36,29,75,0,10,15.9,25.9,7.188
30/06/2023,31.7,36,27,79,-,9.5,14.4,25.9,9.865
01/07/2023,31.6,37,29,78,0,10,13.1,20.6,9.91
02/07/2023,30.7,36,28,79,-,10,11.9,22.2,2.558
03/07/2023,30.1,34,27,80,0,10,11.7,22.2,0.736
04/07/2023,30.4,36,27,78,-,9.8,11.5,25.9,0.711
05/07/2023,29.4,35,26,83,-,8.7,9.6,29.4,4.457
06/07/2023,31.8,36,28,71,0,9.8,12.4,25.9,3.563
07/07/2023,32.6,38,29,70,0,10,15.6,25.9,0.687
08/07/2023,29.3,34,25,81,-,9.7,13.5,29.4,0.703
09/07/2023,30.3,35,27,73,0,10,10.2,18.3,1.611
10/07/2023,31.4,36,28,71,0,10,13,27.8,7.54
11/07/2023,31.1,37,27,73,-,10,11.3,27.8,4.683
12/07/2023,31.1,37,25,68,-,10,11.5,31.7,6.771
13/07/2023,31.4,36,26,73,0,10,11.1,20.6,7.973
14/07/2023,30.2,34,27,77,-,9.7,10.2,27.8,4.618
15/07/2023,31.1,34,28,75,0,10,10.6,18.3,1.553
16/07/2023,32.2,36,29,71,0,9.5,9.6,14.8,3.445
17/07/2023,33.6,38,29,54,-,9.5,10,20.6,6.226
18/07/2023,26.3,31,24,81,-,9.2,15.7,27.8,4.969
19/07/2023,26.7,29,25,89,-,7.9,7,14.8,5.605
20/07/2023,27.6,30,26,88,-,9.2,6.5,11.1,10.342
21/07/2023,29.4,33,27,81,0,8.9,6.3,11.1,16.533
22/07/2023,31.3,36,27,71,0,9.2,9.6,16.5,10.173
23/07/2023,31.8,36,27,67,0,10,11.1,16.5,11.04
24/07/2023,31.8,36,27,68,0,9.8,10.6,18.3,14.44
25/07/2023,32.1,37,27,65,0,9.8,10.2,16.5,10.618
26/07/2023,32.3,37,28,67,0,9.5,9.4,22.2,3.835
27/07/2023,32.5,37,29,68,0,9.7,8.1,11.1,1.376
28/07/2023,28.7,31,27,86,0,8.9,10,20.6,1.535
29/07/2023,30.4,36,26,80,-,7.9,7.6,37,3.797
30/07/2023,30.1,34,27,83,-,9.3,10,18.3,9.188
31/07/2023,27.9,34,25,86,-,7.9,8.5,35.2,2.413
01/08/2023,28.4,33,26,86,-,7.2,6.9,22.2,1.4
02/08/2023,28.9,33,27,83,-,8.5,9.1,24.1,3.334
03/08/2023,28.6,34,27,85,-,9,8.3,20.6,9.546
04/08/2023,26.3,27,25,94,-,7.2,8.9,20.6,14.158
05/08/2023,27.6,30,26,89,0,9.5,6.1,13,17.018
06/08/2023,28.2,31,26,87,-,7.7,6.5,11.1,12.215
07/08/2023,28.8,32,27,83,0,8.9,6.5,11.1,3.488
08/08/2023,28.9,34,26,83,-,9.2,7.6,22.2,0.834
09/08/2023,30.5,35,28,78,-,9.8,7.4,16.5,4.894
10/08/2023,28.7,32,27,89,-,7.2,6.1,16.5,6.946
11/08/2023,27.3,32,26,92,-,6.8,7.2,27.8,4.668
12/08/2023,28.6,34,26,80,0,8.2,6.3,25.9,2.675
13/08/2023,30.2,35,27,77,0,9,8.1,16.5,2.85
14/08/2023,28.9,35,23,80,-,9,9.3,25.9,1.51
15/08/2023,29,33,26,84,-,8.2,7.2,14.8,1.134
16/08/2023,29.1,33,27,87,-,7.2,9.3,14.8,1.166
17/08/2023,31.9,36,28,76,0,8.7,8.7,16.5,1.205
18/08/2023,30.2,33,28,81,-,9.5,7.8,16.5,1.682
19/08/2023,29.1,32,26,88,-,6.6,7,13,1.045
20/08/2023,25.8,29,24,96,-,5.8,8.1,25.9,1.239
21/08/2023,29.7,33,26,83,0,8.9,9.3,14.8,0.602
22/08/2023,30.3,34,28,82,0,8.4,8.3,13,0.591
23/08/2023,29.6,36,25,81,-,9.3,9.1,27.8,0.875
24/08/2023,28.1,33,25,86,-,9.5,7.2,18.3,1.309
25/08/2023,28.6,33,24,85,-,9.5,8.7,20.6,2.435
26/08/2023,29.1,34,26,84,-,9.3,8.1,16.5,7.991
27/08/2023,30.3,35,24,79,-,8.7,9.6,33.5,8.315
28/08/2023,28.3,31,25,84,-,9.7,8.5,18.3,3.856
29/08/2023,28.4,31,26,74,0,10,8.3,18.3,1.482
30/08/2023,29.4,34,25,63,0,10,8.3,20.6,16.975
31/08/2023,29.6,34,25,61,0,9.7,8.1,20.6,16.944
01/09/2023,30.5,35,27,65,0,9.2,9.3,16.5,4.587
02/09/2023,31.7,36,28,63,0,9.5,8.1,16.5,6.228
03/09/2023,27,31,23,76,-,9.2,9.8,20.6,1.023
04/09/2023,26.3,28,23,86,-,9.5,8.1,14.8,0.887
05/09/2023,29.8,35,27,75,0,9.2,7.4,14.8,2.295
06/09/2023,31.1,36,27,68,0,9.7,7,14.8,4.105
07/09/2023,30.3,36,25,73,-,9.5,7.6,25.9,6.968
08/09/2023,29,34,26,81,-,9.8,8,20.6,3.052
09/09/2023,29,33,27,83,-,7.9,7.2,16.5,1.771
10/09/2023,29.1,33,25,82,-,8.9,7.2,16.5,0.821
11/09/2023,28.2,34,26,87,-,7.6,8.1,22.2,0.832
12/09/2023,27.8,30,25,88,-,6.3,8.1,16.5,2.532
13/09/2023,25.3,28,23,92,-,9.2,12,24.1,3.461
14/09/2023,24.3,25,24,96,-,6.9,7.4,13,2.876
15/09/2023,26.6,29,24,83,-,9.3,7.2,16.5,2.877
16/09/2023,27.6,31,25,84,-,8.4,5.7,22.2,4.218
17/09/2023,28.1,33,26,83,-,8.7,6.9,18.3,6.034
18/09/2023,28.2,32,26,87,-,7.7,8,13,2.193
19/09/2023,30.6,34,27,76,0,9.2,12.8,20.6,1.433
20/09/2023,30.1,34,27,78,0,9.3,12.6,18.3,1.573
21/09/2023,30.6,35,27,75,0,9.2,11.1,16.5,2.357
22/09/2023,30.7,35,27,74,0,9.5,10.2,20.6,6.021
23/09/2023,30.1,35,26,73,0,9.3,10.2,20.6,8.513
24/09/2023,29.6,34,26,74,0,9.3,8.5,22.2,2.365
25/09/2023,28.3,35,25,82,-,9.3,7.6,35.2,0.764
26/09/2023,27.4,30,25,83,-,10,12.6,22.2,0.751
27/09/2023,26.7,30,25,90,-,9,11.5,20.6,1.182
28/09/2023,24.6,25,23,96,-,8,7.2,16.5,3.998
29/09/2023,27.3,32,25,88,-,8.7,5.6,18.3,2.705
30/09/2023,29.1,33,26,81,-,8.2,5.2,13,2.866
01/10/2023,29.6,34,26,75,0,8.4,8.5,13,3.416
02/10/2023,29.4,34,26,75,0,8.2,7.6,13,2.725
03/10/2023,29.7,34,26,72,0,8,7.4,13,0.664
04/10/2023,30.1,34,27,75,0,8,9.3,16.5,0.696
05/10/2023,31.1,35,27,72,0,9,8.9,13,0.641
06/10/2023,30.6,35,27,75,-,8.7,11.3,20.6,1.701
07/10/2023,25.7,27,24,80,-,9.2,14.4,27.8,7.565
08/10/2023,27.2,31,24,62,0,10,10.4,20.6,6.151
09/10/2023,27.7,31,25,60,0,10,10,22.2,3.085
10/10/2023,26.4,30,24,61,0,10,12.8,25.9,7.603
11/10/2023,26.1,29,23,65,0,10,10.4,22.2,6.861
12/10/2023,23.5,25,23,84,-,9.7,10.4,18.3,1.809
13/10/2023,25.9,29,24,78,0,9.7,7,14.8,1.725
14/10/2023,25.2,29,23,76,0,9.7,13,25.9,1.296
15/10/2023,25.8,30,22,66,0,10,8.7,18.3,0.52
16/10/2023,26.5,32,22,68,0,9,6.1,14.8,0.565
17/10/2023,27.2,32,22,63,0,8.7,5.4,11.1,0.658
18/10/2023,28.1,33,23,66,0,8.2,6.7,13,3.284
19/10/2023,28.3,33,24,70,0,9.3,10.4,16.5,2.857
20/10/2023,27.8,31,25,54,0,9.8,13.9,25.9,1.969
21/10/2023,25.4,29,23,54,0,10,11.9,24.1,0.522
22/10/2023,25.4,28,23,64,0,9.7,9.1,14.8,1.384
23/10/2023,25.2,28,23,77,0,9.2,7.4,13,3.099
24/10/2023,27,31,24,76,0,7.6,6.1,11.1,3.077
25/10/2023,28.2,32,25,73,-,8.4,5.7,13,1.09
26/10/2023,28.2,34,23,65,0,8.5,8.1,14.8,1.338
27/10/2023,28.6,33,25,68,-,7.9,6.1,16.5,0.502
28/10/2023,25,28,23,84,-,8.7,10.7,22.2,0.5
29/10/2023,24.1,26,23,86,-,9.2,10.7,16.5,0.5
30/10/2023,25.5,30,21,70,0,9.8,7,13,0.555
31/10/2023,25.9,30,22,67,0,8.7,6.5,16.5,0.947
01/11/2023,25.7,31,22,70,0,7.9,6.9,14.8,0.897
02/11/2023,26.1,31,22,73,0,6.4,9.1,16.5,0.5
03/11/2023,27.6,32,24,76,-,8,12.4,20.6,0.512
04/11/2023,28.3,32,25,78,0,9.2,13.5,20.6,1.32
05/11/2023,27.9,32,25,80,0,8.4,13,18.3,1.181
06/11/2023,25.2,32,22,84,-,8.9,10.7,18.3,0.658
07/11/2023,23.1,25,22,89,-,9.3,5.2,11.1,0.624
08/11/2023,26.6,31,23,80,0,7.6,7.2,16.5,5.318
09/11/2023,27.7,32,24,79,0,7.2,8.3,13,5.924
10/11/2023,28.3,33,25,79,0,8,10.4,18.3,4.652
11/11/2023,28.2,33,25,78,0,8,10,16.5,1.694
12/11/2023,25.7,33,19,79,-,9,15.9,27.8,1.154
13/11/2023,17.1,19,15,79,-,9.5,17.4,24.1,1.11
14/11/2023,19.1,21,17,70,0,10,8.9,18.3,1.441
15/11/2023,19.8,22,18,84,-,8.4,8.9,18.3,1.334
16/11/2023,20.1,23,16,54,0,10,13.3,29.4,0.813
17/11/2023,19.6,26,13,55,0,9.3,6.5,16.5,2.155
18/11/2023,19.8,26,14,55,0,9.3,4.8,11.1,0.63
19/11/2023,20.6,26,16,61,0,8.4,5.7,11.1,0.547
20/11/2023,21.2,27,15,64,0,7.7,6.5,16.5,0.566
21/11/2023,21.7,27,16,68,0,6.8,8,14.8,0.671
22/11/2023,21.2,24,19,81,0,6.3,5.9,9.4,0.598
23/11/2023,24.1,29,20,74,0,7.1,6.1,11.1,1.241
24/11/2023,23.7,27,21,75,-,6.4,5.6,13,2.851
25/11/2023,23.6,28,19,72,0,7.2,6.3,14.8,1.545
26/11/2023,23.8,29,19,71,0,7.7,6.9,11.1,1.268
27/11/2023,23.6,29,19,72,0,6.1,5.2,14.8,6.256
28/11/2023,23.1,28,18,66,0,6.4,6.5,13,7.571
29/11/2023,23.1,27,19,76,0,4.2,5.2,13,9.171
30/11/2023,23.1,27,20,81,-,5.3,8.3,14.8,2.279
01/12/2023,17.6,19,16,93,-,7.2,14.4,20.6,8.088
02/12/2023,17.6,18,16,84,-,8.2,9.8,18.3,8.551
03/12/2023,17.9,19,17,88,-,8.4,9.4,16.5,11.403
04/12/2023,18.9,21,17,82,-,9.2,9.3,18.3,9.615
05/12/2023,18.7,19,18,88,-,7.1,8.3,14.8,8.68
06/12/2023,20.2,25,15,76,-,9.3,9.1,18.3,9.698
07/12/2023,20.7,26,16,66,0,7.2,6.7,14.8,9.101
08/12/2023,22.1,27,17,68,0,7.4,10,18.3,10.113
09/12/2023,23.3,26,19,84,0,4.3,7.6,16.5,8.903
10/12/2023,24.6,27,23,90,-,5.8,9.8,16.5,6.986
11/12/2023,24.7,27,23,88,-,6.8,10,14.8,6.358
12/12/2023,24.3,27,22,89,-,6.3,9.6,18.3,6.44
13/12/2023,24.4,28,21,83,0,6.1,12.4,20.6,8.258
14/12/2023,25.1,30,22,81,0,6.8,11.9,18.3,7.928
15/12/2023,25.1,29,23,84,-,7.2,9.3,16.5,9.52
16/12/2023,16.6,24,13,73,-,8.9,17.6,33.5,6.895
17/12/2023,13.7,16,13,67,0,10,12.4,18.3,1.338
18/12/2023,14.7,17,12,80,-,8.9,10.2,16.5,3.118
19/12/2023,13.5,15,12,72,-,10,16.9,22.2,5.912
20/12/2023,15.4,18,13,56,0,10,12.8,20.6,5.108
21/12/2023,14.1,17,11,47,0,9.5,12.2,20.6,7.227
22/12/2023,12.4,17,8,46,0,9.8,9.3,14.8,8.986
23/12/2023,14.8,19,9,44,0,9.2,9.3,18.3,7.006
24/12/2023,16.6,19,14,43,0,9.7,10.6,22.2,9.956
25/12/2023,15.7,21,9,41,0,9,9.1,18.3,7.048
26/12/2023,16.1,22,10,56,0,6.8,5,11.1,4.319
27/12/2023,17.9,24,12,74,0,5.3,5.2,14.8,2.769
28/12/2023,19.4,25,14,71,0,6,5.4,9.4,2.35
29/12/2023,21.5,25,16,74,-,4.5,5.4,11.1,1.91
30/12/2023,21.5,24,19,84,-,2.7,6.5,11.1,2.896
31/12/2023,22.3,26,19,77,0,6.1,6.3,13,5.393
01/01/2024,23.2,28,19,74,-,6.9,11.7,24.1,6.594
02/01/2024,23.3,27,18,80,-,7.6,13.1,25.9,5.668
03/01/2024,18.7,21,17,70,-,10,11.1,25.9,5.026
04/01/2024,19.6,21,17,72,0,8.2,9.4,14.8,6.032
05/01/2024,20.6,23,18,86,-,3.2,5,11.1,8.062
06/01/2024,21.8,26,19,81,-,5.8,7.4,13,8.335
07/01/2024,22.2,25,20,79,-,7.7,12.8,18.3,6.465
08/01/2024,22.9,26,20,82,0,7.6,13.9,22.2,4.983
09/01/2024,23.1,26,20,82,-,7.6,12.6,20.6,4.738
10/01/2024,18.6,20,17,94,-,8,12.2,18.3,6.867
11/01/2024,17.2,18,17,97,-,8.2,7.4,14.8,8.232
12/01/2024,17.8,18,17,95,-,6,6.3,9.4,7.924
13/01/2024,18.4,19,18,96,-,7.1,5.9,11.1,7.113
14/01/2024,19.5,20,18,93,-,6,4.3,9.4,7.432
15/01/2024,21,24,18,85,0,6.9,5.9,13,8.044
16/01/2024,21,24,19,82,-,8,9.1,14.8,8.037
17/01/2024,20.5,22,20,93,-,5.3,10.4,22.2,9.318
18/01/2024,22.4,27,20,84,0,7.4,13.1,20.6,8.155
19/01/2024,22.6,27,20,85,-,8,13.5,22.2,8.603
20/01/2024,21.9,27,16,79,-,9.2,16.7,24.1,10.54
21/01/2024,15.1,16,13,92,-,7.1,15.2,22.2,9.416
22/01/2024,11.1,13,8,75,-,9.3,18.5,25.9,9.249
23/01/2024,9.9,12,8,67,-,10,14.1,18.3,6.225
24/01/2024,10.4,12,9,64,0,10,12.6,18.3,6.521
25/01/2024,11.5,13,10,64,0,10,9.3,14.8,8.735
26/01/2024,11.4,14,9,70,-,9.2,12,18.3,8.632
27/01/2024,11,12,9,78,-,8.9,12,18.3,9.076
28/01/2024,12.4,14,11,73,-,9.7,10.9,18.3,8.318
29/01/2024,13.3,15,11,85,-,7.2,4.3,9.4,7.233
30/01/2024,15.3,16,13,90,-,3.9,3.7,7.6,7.276
31/01/2024,17.1,19,15,95,-,2.3,5.4,11.1,6.615
01/02/2024,19.8,21,17,91,-,2.7,5.2,11.1,6.321
02/02/2024,22.2,26,20,89,-,5,10.2,22.2,5.228
03/02/2024,22.1,25,21,91,-,6.6,14.1,22.2,4.595
04/02/2024,24.2,29,21,85,-,7.2,13.5,20.6,3.843
05/02/2024,23.2,27,20,87,-,6.8,16.7,24.1,3.495
06/02/2024,20.1,24,16,93,-,5.1,14.6,20.6,2.29
07/02/2024,14.6,17,12,90,-,8.7,18.9,22.2,4.06
08/02/2024,13.3,15,12,72,0,10,15.4,20.6,4.635
09/02/2024,15.4,17,13,69,0,9.3,8.3,18.3,5.31
10/02/2024,17.9,21,15,58,0,9.3,5.9,13,7.003
11/02/2024,18.5,23,12,54,0,9.7,6.7,14.8,6.303
12/02/2024,19.1,24,12,70,0,9,10.7,18.3,6.65
13/02/2024,21.2,26,17,76,0,9.2,13.1,20.6,8.802
14/02/2024,21.8,24,20,82,-,10,15.2,20.6,10.362
15/02/2024,21.1,24,19,87,-,6.1,5.7,11.1,10.585
16/02/2024,20.9,25,17,82,0,6.6,11.3,16.5,11.588
17/02/2024,21.9,25,19,83,-,6.8,14.4,22.2,13.225
18/02/2024,23.8,27,21,86,-,7.4,14.6,24.1,13.489
19/02/2024,24.3,27,22,89,-,6.6,15,22.2,12.227
20/02/2024,24.1,26,23,93,-,5.3,14.4,22.2,10.056
21/02/2024,25.1,27,23,88,-,6.6,15.2,24.1,6.721
22/02/2024,23.8,26,22,93,-,3.7,13.7,20.6,2.903
23/02/2024,16.1,22,13,96,-,4.2,17.2,24.1,2.725
24/02/2024,12.4,13,12,95,-,7.7,14.4,22.2,5.029
25/02/2024,13.3,14,11,87,-,8.5,10.9,16.5,4.734
26/02/2024,13.1,15,12,91,-,8.4,14.3,18.3,5.525
27/02/2024,13,15,12,84,-,9,11.9,18.3,7.485
28/02/2024,13.7,15,12,94,-,6.4,9.1,13,5.698
29/02/2024,14.7,16,13,79,-,10,13.7,20.6,6.387
01/03/2024,14.1,16,13,69,0,10,13.7,20.6,7.152
02/03/2024,15.2,17,13,64,0,9,9.8,18.3,6.676
03/03/2024,17.2,20,15,81,-,6.1,10.4,18.3,6.571
04/03/2024,18.9,20,16,92,-,2.4,5.6,9.4,6.362
05/03/2024,23.8,30,19,80,-,3.4,6.7,13,6.714
06/03/2024,24.6,29,20,68,0,7.9,11.9,20.6,7.826
07/03/2024,21.5,24,20,63,0,8.2,10.7,20.6,8.416
08/03/2024,18.9,21,17,74,-,5.3,6.3,13,9.688
09/03/2024,16.7,18,16,89,-,7.9,10.9,16.5,11.297
10/03/2024,16.9,18,16,89,-,9.3,10.6,14.8,11.099
11/03/2024,20.1,25,17,75,0,8.7,9.8,20.6,9.704
12/03/2024,21.6,26,18,71,-,8,11.5,20.6,8.234
13/03/2024,20.5,23,19,93,-,3.1,9.3,14.8,6.905
14/03/2024,19.9,21,19,98,-,4.7,8,13,8.546
15/03/2024,21.8,23,19,96,-,3.1,9.8,14.8,8.902
16/03/2024,23.3,25,22,95,-,4.3,9.6,16.5,8.606
17/03/2024,23.6,25,22,94,-,3.9,10,13,9.384
18/03/2024,23.8,26,20,95,-,5.1,10.6,29.4,8.942
19/03/2024,18.3,20,17,91,-,8.9,12.6,33.5,10.55
20/03/2024,19.9,23,17,70,0,9.7,5.6,11.1,9.487
21/03/2024,21.4,26,18,74,0,7.2,13.7,22.2,7.726
22/03/2024,21.6,23,20,93,-,3.4,8.9,14.8,8.12
23/03/2024,25.6,29,22,85,-,7.4,15.4,25.9,7.585
24/03/2024,24.4,25,23,94,-,3.4,12,18.3,5.901
25/03/2024,26.1,30,23,86,0,6.8,12.6,22.2,5.272
26/03/2024,27.1,30,24,74,0,7.9,15.2,24.1,4.92
27/03/2024,27.1,30,25,77,0,9.8,18.7,24.1,4.536
28/03/2024,-,-,-,-,-,-,-,-,4.421
29/03/2024,-,-,-,-,-,-,-,-,3.022
30/03/2024,-,-,-,-,-,-,-,-,5.308
31/03/2024,-,-,-,-,-,-,-,-,8.877
01/04/2024,25,-,-,94,0,6.8,11.1,14.8,7.578
02/04/2024,26.3,29,25,89,0,5.8,8.9,13,6.446
03/04/2024,28.1,32,26,84,0,6.6,13,20.6,6.119
04/04/2024,27.7,31,25,86,-,6.3,14.8,20.6,2.84
05/04/2024,26.7,28,24,88,-,8,17.6,24.1,2.36
06/04/2024,25.6,28,24,91,-,6.6,13.5,20.6,4.525
07/04/2024,23.7,25,21,97,-,3.1,11.9,24.1,7.13
08/04/2024,22.5,24,21,85,-,9.3,9.8,22.2,7.663
09/04/2024,23.3,25,22,85,-,7.9,6.5,16.5,7.455
10/04/2024,23.3,24,22,95,-,3.5,7,11.1,6.273
11/04/2024,26,29,24,88,-,5,10.2,18.3,7.247
12/04/2024,27.4,31,25,83,0,8,14.4,20.6,9.166
13/04/2024,27.6,31,26,84,0,9.3,16.7,22.2,7.334
14/04/2024,27.3,30,26,89,-,6.4,13.3,22.2,6.875
15/04/2024,26.9,29,25,89,-,7.1,13.3,22.2,7.558
16/04/2024,28.3,33,25,77,-,8,17.8,25.9,7.233
17/04/2024,27,30,24,90,-,6.9,12.6,22.2,8.136
18/04/2024,27.7,32,24,83,-,8.9,15.4,24.1,7.766
19/04/2024,28.2,31,27,87,-,7.6,13.3,24.1,6.496
20/04/2024,27.9,34,23,84,-,7.7,11.5,38.9,3.378
21/04/2024,27.6,32,24,85,-,8,12.8,24.1,4.324
22/04/2024,26.7,29,24,89,-,8.2,10,14.8,2.185
23/04/2024,27.8,32,24,83,-,8.7,10.7,18.3,1.549
24/04/2024,25.3,28,23,93,-,5.6,8.5,14.8,5.953
25/04/2024,29.6,34,26,83,0,6.3,12,20.6,7.226
26/04/2024,30.9,37,27,79,0,6.1,10.9,20.6,2.572
27/04/2024,32.2,40,27,66,0,7.9,9.8,14.8,1.79
28/04/2024,30.5,36,28,83,0,9,14.3,22.2,1.53
29/04/2024,30.1,34,27,85,0,8.9,14.4,20.6,0.615
30/04/2024,30.7,36,24,78,-,9.2,11.9,22.2,2.165
01/05/2024,-,-,-,-,-,-,-,-,2.805
02/05/2024,24.2,26,23,92,-,7.6,11.1,20.6,4.906
03/05/2024,25.4,27,23,91,-,8,11.7,22.2,3.142
04/05/2024,28.3,33,24,80,0,9,14.3,22.2,1.94
05/05/2024,26.3,29,25,79,-,9.5,10,16.5,1.617
06/05/2024,25.8,28,23,88,-,8.7,8.1,20.6,2.212
07/05/2024,27.4,30,25,86,-,7.6,8.1,13,8.072
08/05/2024,26.7,31,23,88,-,8.7,11.7,22.2,1.536
09/05/2024,25.7,31,23,88,-,8.4,9.3,25.9,0.7
10/05/2024,28.2,32,25,83,0,8.5,13.7,24.1,1.206
11/05/2024,29.2,33,26,81,0,8.4,13,20.6,1.794
12/05/2024,27.7,34,23,84,-,8.9,12,24.1,1.312
13/05/2024,26.9,30,24,80,0,9.7,7.8,14.8,5.279
14/05/2024,28.4,32,25,78,0,9.3,10,22.2,7.161
15/05/2024,27.1,31,24,87,-,8.4,9.4,22.2,0.62
16/05/2024,27.2,31,25,77,0,9.3,9.6,16.5,0.997
17/05/2024,28.4,31,26,74,0,9.3,11.3,20.6,1.064
18/05/2024,29.4,32,27,84,0,10,15,22.2,2.475
19/05/2024,27.3,32,25,88,-,8.5,9.8,25.9,4.34
20/05/2024,28.2,31,25,83,0,7.9,8.3,16.5,1.855
21/05/2024,27.9,34,25,82,-,8,5.9,24.1,0.788
22/05/2024,29,33,26,73,-,9.5,7.6,18.3,1.144
23/05/2024,28,32,26,82,-,6.9,6.5,14.8,0.989
24/05/2024,29.6,35,26,76,-,8.4,9.1,22.2,0.688
25/05/2024,28,32,26,91,-,8.4,11.5,20.6,1.636
26/05/2024,31.2,35,27,79,-,9.3,10.4,14.8,1.215
27/05/2024,32.3,36,29,70,-,9.3,8.5,16.5,1.183
28/05/2024,31.3,35,28,79,-,9.7,9.8,20.6,1.45
29/05/2024,31.9,37,29,76,0,10,14.8,25.9,0.855
30/05/2024,28.7,35,23,81,-,9.3,12.6,31.7,0.765
31/05/2024,27.3,29,25,82,-,9.8,6.9,13,1.451
01/06/2024,30.4,34,27,70,0,8.2,9.1,14.8,6.902
02/06/2024,31.2,36,28,77,0,9,10.4,24.1,9.22
03/06/2024,30.5,37,27,78,-,9.7,10.7,29.4,5.288
04/06/2024,29.1,33,27,84,-,9.7,9.3,14.8,0.892
05/06/2024,27,29,26,87,-,9.7,10.6,20.6,1.294
06/06/2024,26.6,29,24,88,-,9,6.5,16.5,1.326
07/06/2024,28.8,33,27,84,-,7.2,8.5,24.1,1.416
08/06/2024,28.7,33,26,85,-,8.5,10.9,20.6,2.513
09/06/2024,26,-,-,95,-,8.5,10,16.5,1.146
10/06/2024,28.6,32,26,89,-,7.6,11.7,16.5,0.942
11/06/2024,30.2,35,28,85,0,8.7,10.4,22.2,0.772
12/06/2024,31.9,36,29,75,0,7.9,6.7,11.1,0.981
13/06/2024,33.6,37,30,59,0,9.2,7.2,13,0.938
14/06/2024,33.2,37,29,66,-,7.7,8.7,14.8,1.232
15/06/2024,31.1,34,29,82,-,6.4,8.5,13,0.604
16/06/2024,30.3,36,26,81,-,8.9,10.7,24.1,2.284
17/06/2024,30.6,37,26,79,-,8,9.4,37,3.889
18/06/2024,30.3,35,27,83,0,9.5,10.4,18.3,4.85
19/06/2024,30.6,38,24,77,-,9.8,11.9,51.9,3.151
20/06/2024,31.8,36,28,79,-,9.2,10.9,18.3,0.631
21/06/2024,30.7,35,29,87,-,9.7,12.8,18.3,0.978
22/06/2024,31.1,34,28,79,0,9.7,14.3,20.6,0.677
23/06/2024,30.4,35,27,79,-,9.8,9.8,22.2,0.808
24/06/2024,28.6,32,26,87,-,9.3,10.4,18.3,1.053
25/06/2024,27.4,31,26,93,-,9.2,10.7,18.3,2.182
26/06/2024,27.9,30,25,86,-,9.8,12,29.4,1.037
27/06/2024,29.1,33,26,85,-,9.8,12.6,22.2,0.603
28/06/2024,30.4,33,28,81,0,10,15.4,24.1,0.859
29/06/2024,31.3,36,28,77,0,10,11.1,22.2,1.205
30/06/2024,32.6,36,29,67,0,10,10.2,16.5,1.621
01/07/2024,32.2,35,28,65,-,10,9.8,14.8,2.069
02/07/2024,28.4,31,26,89,-,9.3,10.6,16.5,1.111
03/07/2024,27.3,29,26,94,-,7.6,8.3,22.2,0.734
04/07/2024,29.8,34,26,78,0,9.8,13.5,25.9,0.545
05/07/2024,30.1,35,27,76,0,9.8,13,25.9,0.549
06/07/2024,30.6,35,28,78,0,9.8,13.7,22.2,1.353
07/07/2024,31,35,27,73,0,10,14.6,25.9,5.698
08/07/2024,31.4,35,28,75,0,10,15.9,25.9,9.544
09/07/2024,30.9,36,29,81,-,9.8,14.3,24.1,8.162
10/07/2024,28.9,32,26,85,0,9.3,9.4,14.8,4.235
11/07/2024,30.9,36,28,78,-,9.7,11.5,18.3,1.604
12/07/2024,31.6,36,28,74,0,10,12.2,22.2,0.939
13/07/2024,31.2,36,27,78,-,10,15,25.9,1.995
14/07/2024,29.8,33,26,79,-,10,11.9,22.2,5.74
15/07/2024,29.7,35,27,82,-,9.5,9.3,18.3,7.747
16/07/2024,29.8,35,27,80,-,9.8,9.1,18.3,10.268
17/07/2024,28.7,33,26,86,-,9.5,10.2,25.9,4.982
18/07/2024,27.5,30,26,92,-,9.7,11.5,22.2,1.375
19/07/2024,28.5,32,27,87,-,10,11.7,25.9,0.813
20/07/2024,28.6,32,27,89,-,9.5,8.9,25.9,1.685
21/07/2024,30.5,36,26,78,-,9.8,9.8,20.6,6.765
22/07/2024,30.1,33,27,82,-,9.7,9.3,18.3,5.629
23/07/2024,25.9,27,25,96,-,5,13.5,25.9,1.297
24/07/2024,28.1,32,26,91,-,9.2,9.8,14.8,0.85
25/07/2024,29.9,34,27,85,-,9.3,6.7,20.6,2.038
26/07/2024,33.2,37,29,72,0,9.5,10.7,20.6,1.345
27/07/2024,31.2,37,24,80,-,8.4,9.8,33.5,0.995
28/07/2024,29.1,32,26,87,-,9.7,9.4,20.6,0.687
29/07/2024,26.9,30,26,94,-,8.9,11.1,16.5,4.994
30/07/2024,27.6,31,26,93,-,9.3,10.4,22.2,6.948
31/07/2024,29,31,27,85,-,10,7.2,13,3.368
01/08/2024,29.3,31,26,78,-,10,10.2,18.3,1.009
02/08/2024,26.9,29,26,88,-,9.5,11.1,20.6,0.829
03/08/2024,28.9,33,27,82,-,9.7,9.8,16.5,0.976
04/08/2024,30.7,35,28,77,0,10,14.3,24.1,2.093
05/08/2024,30.7,34,28,80,0,9.8,11.7,18.3,2.13
06/08/2024,30.9,35,28,79,0,9.5,10.7,25.9,0.87
07/08/2024,30.7,36,28,79,-,9.3,9.3,27.8,0.566
08/08/2024,31.1,37,26,76,-,9.3,10.4,22.2,2.618
09/08/2024,33,38,29,68,0,9.7,10,18.3,1.208
10/08/2024,31.8,38,24,72,-,9.2,9.8,31.7,1.425
11/08/2024,28.8,32,25,84,-,9.7,8.9,18.3,0.685
12/08/2024,-,-,-,-,-,-,-,-,2.75
13/08/2024,28.1,32,26,90,-,9.5,8.1,16.5,1.129
14/08/2024,27.2,30,26,92,-,9.2,8.1,20.6,1.321
15/08/2024,28.7,33,26,85,-,9.7,8.7,18.3,4.892
16/08/2024,30.3,35,27,74,-,9.8,5.4,22.2,4.131
17/08/2024,29.6,33,28,83,-,7.9,7,16.5,3.431
18/08/2024,29.8,34,27,83,0,8,7.4,13,2.77
19/08/2024,29.6,33,27,84,-,8.5,6.9,18.3,5.025
20/08/2024,29.5,33,27,83,-,9.5,10,25.9,3.554
21/08/2024,28.9,33,27,87,-,8.2,7.6,14.8,1.282
22/08/2024,28.7,35,24,83,-,8.2,11.1,38.9,0.51
23/08/2024,24.9,26,24,97,-,7.6,10,16.5,0.58
24/08/2024,27.1,32,24,89,-,9.3,8.5,22.2,1.162
25/08/2024,28.3,32,25,86,-,9.7,10.4,18.3,0.64
26/08/2024,29.9,35,27,78,0,9.3,7.8,18.3,0.642
27/08/2024,30.7,35,28,79,-,8.4,8,14.8,0.78
28/08/2024,32.1,36,28,74,0,9.2,8.3,16.5,3.368
29/08/2024,31.4,35,25,81,-,8.9,10,20.6,6.613
30/08/2024,28.8,32,25,81,-,9.2,8.1,18.3,3.112
31/08/2024,30.1,35,27,75,-,9.3,7.4,20.6,0.945
01/09/2024,29.6,34,27,80,-,10,7.2,14.8,1.044
02/09/2024,31.6,36,26,73,-,9.7,6.3,13,0.87
03/09/2024,28.7,34,25,81,-,10,9.8,22.2,1.272
04/09/2024,31.2,36,27,74,0,9.2,6.5,13,0.846
05/09/2024,31.4,37,27,73,-,9.7,10.9,31.7,1.151
06/09/2024,29.8,38,26,80,-,9.5,13.5,31.7,2.136
07/09/2024,25.9,27,25,94,-,7.6,37.2,55.4,1.174
08/09/2024,28.1,30,26,92,-,10,18.1,25.9,1.166
09/09/2024,26.7,31,24,95,-,8.9,13.1,20.6,0.759
10/09/2024,25.7,29,24,93,-,9,6.9,13,0.82
11/09/2024,25.2,27,24,95,-,7.4,9.8,20.6,1.01
12/09/2024,27.8,31,25,87,-,9.3,8.5,14.8,0.582
13/09/2024,29.1,33,25,79,0,9.8,8.3,20.6,1.356
14/09/2024,29.7,35,26,78,0,9.2,6.9,18.3,1.342
15/09/2024,30.1,35,24,79,-,7.1,8.3,20.6,2.515
16/09/2024,28.3,33,25,84,-,9.5,11.9,22.2,3.453
17/09/2024,29.2,33,27,82,-,9.7,9.8,18.3,3.096
18/09/2024,30.3,34,28,75,0,9.7,7.6,14.8,2.512
19/09/2024,30.6,35,27,71,-,9.3,9.6,20.6,1.915
20/09/2024,28.5,34,25,85,-,9,8.7,24.1,0.978
21/09/2024,28.3,34,25,88,-,9,9.4,37,0.708
22/09/2024,26.7,28,23,84,-,9.5,11.1,22.2,0.632
23/09/2024,26.2,30,23,77,-,9.7,5.7,13,1.505
24/09/2024,27.7,32,23,68,0,8,8.5,20.6,0.865
25/09/2024,27.2,29,25,79,0,6.6,7.2,11.1,1.222
26/09/2024,28.2,33,25,78,0,6.9,8.9,18.3,0.988
27/09/2024,29.6,34,26,78,0,8.5,9.6,18.3,1.514
28/09/2024,30,35,28,80,-,10,14.1,22.2,0.723
29/09/2024,29.4,34,26,83,-,9.3,14.3,27.8,0.501
30/09/2024,27.5,30,26,91,-,8.9,9.8,18.3,0.993
01/10/2024,27.2,34,24,68,-,9.8,14.3,29.4,2.198
02/10/2024,25.5,29,22,59,0,10,12.2,22.2,1.017
03/10/2024,25.1,30,20,56,0,9.7,7.4,20.6,2.486
04/10/2024,25.5,30,21,58,0,9.3,5.9,16.5,4.198
05/10/2024,26.3,32,21,58,0,9,5,14.8,1.347
06/10/2024,27.3,33,23,62,0,9,7.2,11.1,0.59
07/10/2024,28.5,33,24,57,0,9,8.9,14.8,0.534
08/10/2024,28.1,32,24,60,0,8.7,8.1,18.3,0.667
09/10/2024,26.3,30,22,67,0,8.2,7.2,14.8,0.652
10/10/2024,26.8,31,23,69,0,6.9,8.3,13,0.912
11/10/2024,27.4,32,23,66,0,6.8,6.1,11.1,0.931
12/10/2024,27.7,32,24,70,0,6.9,7.6,16.5,0.881
13/10/2024,28.1,33,24,71,0,8.5,9.3,18.3,0.635
14/10/2024,28.9,33,26,71,0,8.2,7,16.5,0.735
15/10/2024,26.8,32,24,84,-,8.9,11.1,25.9,0.64
16/10/2024,27.6,31,25,77,0,9.7,5.6,13,0.557
17/10/2024,28.7,33,25,76,0,9.3,9.6,18.3,1.5
18/10/2024,28.9,34,25,78,0,8.7,9.8,18.3,1.729
19/10/2024,28.9,34,26,76,0,9.2,8.3,25.9,1.667
20/10/2024,29.3,34,26,69,-,8.5,7.2,18.3,0.638
21/10/2024,25.6,29,24,90,-,7.7,5.6,22.2,0.517
22/10/2024,28.4,33,24,70,-,9,8.3,16.5,0.53
23/10/2024,26.4,30,20,56,0,10,13.1,27.8,0.967
24/10/2024,24.8,32,18,49,0,9.8,7.2,18.3,1.957
25/10/2024,24.4,32,19,56,0,9.5,7.2,14.8,2.265
26/10/2024,27.8,32,21,44,-,9.8,13.9,25.9,1.893
27/10/2024,22.4,25,20,73,-,9.8,14.1,20.6,1.028
28/10/2024,22.8,25,21,68,-,10,11.7,18.3,1.069
29/10/2024,24.7,27,21,68,-,9.5,8.1,16.5,1.471
30/10/2024,26.1,32,22,66,-,7.9,7.4,14.8,1.036
31/10/2024,26.9,32,22,73,0,6.3,6.3,13,0.593
